date,a00,b00,c00,d00,e00,f00,g00,h00,i00,j00,k00,l00,m00,n00,o00,p00,q00,r00,s00,t00,u00,v00,w00,x00,y00,z00,a01,b01,c01,d01,e01,f01,g01,h01,i01,j01,k01,l01,m01,n01,o01,p01,q01,r01,s01,t01,u01,v01,w01,x01,y01,z01,a10,b10,c10,d10,e10,f10,g10,h10,i10,j10,k10,l10,m10,n10,o10,p10,q10,r10,s10,t10,u10,v10,w10,x10,y10,z10,a11,b11,c11,d11,e11,f11,g11,h11,i11,j11,k11,l11,m11,n11,o11,p11,q11,r11,s11,t11,u11,v11,w11,x11,y11,z11
1995-08,0,0,0,0,0,0,0,0,0,0,0,0,0,0,0,0,0,0,0,0,0,0,0,0,0,0,0,0,0,0,0,0,0,0,0,0,1,0,0,0,0,0,0,0,0,0,0,0,0,0,0,0,0,0,0,0,0,0,0,0,0,0,0,0,0,0,0,0,0,0,0,0,0,0,0,0,0,0,0,0,0,0,0,0,2,0,0,1,1,0,3,0,0,0,0,0,0,1,0,0,1,0,0,0
1995-09,0,0,0,0,0,0,0,0,0,0,0,0,0,0,0,0,0,0,0,0,0,0,0,0,0,0,0,0,0,0,0,0,0,0,0,0,1,0,0,0,0,0,0,0,0,0,0,0,0,0,0,0,0,0,0,0,0,0,0,0,0,0,0,0,0,1,0,0,0,0,0,0,0,0,0,0,0,0,0,0,0,0,0,0,0,0,1,0,1,0,1,0,1,0,0,0,1,0,0,0,0,0,0,0
1995-10,0,0,0,0,0,0,0,0,0,0,0,0,1,0,0,0,0,1,0,0,0,0,0,0,0,0,0,0,0,0,0,0,0,0,1,0,0,0,0,0,0,0,0,0,0,0,0,0,0,0,0,0,0,0,0,0,0,0,0,0,0,0,0,0,0,0,0,0,0,0,0,0,0,0,0,0,1,0,0,0,0,0,0,0,1,0,0,0,1,0,0,0,0,0,0,0,0,0,2,0,0,0,0,0
1995-11,0,0,0,0,0,0,0,0,0,0,0,0,0,0,0,0,0,0,0,0,0,0,0,0,0,0,0,0,0,0,0,0,0,0,0,0,0,0,0,0,0,0,0,0,0,0,0,0,0,0,0,0,0,0,0,0,0,0,0,0,0,0,0,0,0,0,0,0,0,1,0,0,0,0,0,0,0,0,2,0,0,0,0,0,0,0,0,1,0,0,0,0,0,0,0,0,0,0,0,0,0,0,0,0
1995-12,0,0,0,0,0,0,0,0,0,0,0,0,0,0,0,0,0,0,0,0,0,0,0,0,0,0,0,0,0,0,0,0,0,0,0,0,0,0,0,0,0,0,0,0,0,0,0,0,0,0,0,0,0,0,0,0,0,0,0,0,0,0,0,0,0,0,0,0,0,0,0,0,0,0,0,0,0,0,0,0,0,0,0,0,0,0,1,7,0,1,1,0,0,3,0,0,1,0,1,0,0,0,0,0
1996-01,0,0,0,0,0,0,0,0,0,0,0,0,0,0,0,0,0,0,0,0,0,0,0,0,0,0,0,0,0,0,0,0,0,0,0,0,0,0,0,0,0,0,0,0,0,0,0,0,0,0,0,0,0,0,0,0,0,0,0,0,0,1,0,0,0,0,0,0,0,0,0,0,0,0,0,0,0,0,0,0,0,0,0,0,0,0,0,0,1,0,3,0,0,1,0,0,0,0,0,0,0,0,0,0
1996-02,0,0,0,0,0,0,0,0,0,0,0,0,0,0,0,0,0,0,0,0,0,0,0,0,0,0,0,0,0,0,0,0,0,0,0,0,0,0,0,0,0,0,0,0,0,0,0,0,0,0,0,0,1,0,0,0,0,0,0,0,0,0,0,0,0,0,0,0,0,0,0,0,0,0,0,0,0,0,0,0,0,0,0,0,0,0,0,0,0,0,0,0,0,0,0,0,1,0,0,0,0,0,0,0
1996-03,0,0,0,0,0,0,0,0,0,0,0,0,0,0,0,0,0,0,0,0,0,0,0,0,0,0,0,0,0,1,0,0,0,0,0,0,0,0,0,0,0,0,0,0,0,0,0,0,0,0,0,0,0,0,0,0,0,0,0,0,0,0,0,0,0,0,0,0,0,0,0,0,1,0,0,0,0,0,0,0,0,0,0,0,2,0,0,0,1,0,1,1,0,0,0,0,0,0,3,0,1,0,0,0
1996-04,0,0,0,0,0,0,0,0,0,0,0,0,0,0,0,0,0,0,0,0,0,0,0,0,0,0,0,0,0,0,0,0,0,0,0,0,0,0,0,0,0,0,0,0,0,0,0,0,0,0,0,0,0,0,0,0,0,1,0,0,0,0,0,0,0,0,0,0,0,0,0,0,0,0,0,0,0,0,0,1,0,2,0,0,2,0,0,0,0,0,1,1,0,1,0,1,0,0,0,0,0,0,0,0
1996-05,0,0,0,0,0,0,0,0,0,0,0,0,0,0,0,0,0,0,0,0,0,0,0,0,0,0,0,0,0,0,0,0,0,0,0,0,0,0,0,0,0,0,0,0,0,0,0,0,0,0,0,0,0,0,0,0,0,0,0,0,0,1,0,0,0,0,0,0,0,0,0,0,0,0,0,0,0,0,0,0,0,0,0,0,4,0,0,0,1,0,0,0,0,1,0,1,0,0,0,0,0,0,0,0
1996-06,0,0,0,0,0,0,0,0,0,0,0,0,0,0,0,0,0,0,0,0,1,0,0,0,0,0,0,0,0,0,0,0,0,0,0,0,0,0,0,0,0,0,0,0,0,0,0,0,0,0,0,0,0,0,0,0,0,0,0,0,0,1,0,0,0,0,0,0,0,0,0,0,0,0,0,0,0,0,0,2,0,1,1,1,2,0,0,0,1,0,1,0,0,2,0,0,2,1,0,0,1,0,0,0
1996-07,0,0,0,0,0,0,0,0,0,0,0,0,0,0,0,0,0,0,0,0,0,0,0,0,0,0,0,0,0,0,0,0,0,0,0,0,0,0,0,0,0,0,0,0,0,0,0,0,0,0,0,0,0,0,0,0,0,0,0,0,0,0,0,0,0,0,0,0,0,0,0,0,0,0,0,0,0,0,1,0,0,0,0,0,1,0,0,2,1,3,0,0,0,1,0,0,0,0,2,0,0,0,0,0
1996-08,0,0,0,0,0,0,0,0,0,1,0,0,0,0,0,0,0,0,0,0,0,0,0,0,0,0,0,0,0,0,0,0,0,0,0,0,0,0,0,0,0,0,0,0,0,0,0,0,0,0,0,0,0,1,0,0,0,0,0,0,0,0,0,0,0,0,0,0,0,0,0,0,1,0,0,0,0,0,0,0,0,0,1,0,1,0,1,2,1,0,0,1,0,0,0,0,0,0,0,0,0,0,0,0
1996-09,0,0,0,0,0,0,0,0,0,0,0,0,0,0,0,0,0,0,0,0,0,0,0,0,0,0,0,0,0,0,0,0,0,0,0,0,0,0,0,0,0,0,0,0,0,0,0,0,0,0,0,0,0,1,0,0,0,0,0,0,0,0,0,0,0,0,0,0,0,1,0,0,0,0,0,0,0,0,0,0,0,0,0,0,0,0,1,0,0,0,0,0,0,1,0,1,0,0,0,0,0,0,0,0
1996-10,0,0,0,0,0,2,0,0,0,0,0,0,0,0,0,0,0,0,0,0,0,0,0,0,0,0,0,0,0,1,0,0,0,0,0,0,0,0,0,0,0,0,0,0,0,0,0,0,0,0,0,0,0,0,0,0,0,0,0,0,0,0,0,0,0,0,0,0,0,0,0,0,1,0,0,0,0,0,1,0,0,0,1,0,0,0,1,0,0,0,0,0,0,1,0,0,2,0,0,0,0,0,0,0
1996-11,0,1,0,0,0,0,0,0,0,0,0,0,0,0,0,0,0,0,0,0,0,0,0,0,0,0,0,0,0,0,0,0,0,0,0,0,0,0,0,0,0,0,0,0,0,0,0,0,0,0,0,0,0,0,0,0,0,0,0,0,0,0,0,0,0,0,0,0,0,0,0,0,1,0,0,0,0,0,0,0,0,1,0,0,1,0,0,0,2,0,1,0,0,2,0,0,0,0,1,0,0,0,0,0
1996-12,0,0,0,0,0,0,0,0,0,0,0,0,0,0,0,0,0,0,0,0,0,0,0,0,0,0,0,0,0,0,0,0,0,0,0,0,0,0,0,0,0,0,0,0,0,0,0,0,0,0,0,0,0,0,0,1,0,0,0,0,0,0,0,0,0,0,0,0,0,0,0,0,1,0,0,0,0,0,0,0,0,0,1,0,0,0,0,1,0,0,0,0,0,1,0,2,0,0,0,0,3,0,0,0
1997-01,0,0,2,0,0,0,0,0,0,0,0,0,0,0,0,0,0,0,0,0,0,0,0,0,0,0,0,0,0,0,0,0,0,0,0,0,0,0,0,0,0,0,0,0,0,0,0,0,0,0,0,0,0,0,0,0,0,0,0,0,0,0,0,0,0,1,0,0,0,0,0,0,2,0,0,0,0,0,0,0,0,0,0,0,0,0,1,3,1,0,0,0,0,0,0,2,1,0,1,1,0,0,0,0
1997-02,0,0,0,0,0,0,0,0,0,0,0,0,0,1,0,0,0,0,0,0,1,0,0,0,0,0,0,0,0,0,0,0,0,0,0,0,0,0,0,0,0,0,0,0,0,0,0,0,0,0,0,0,0,0,0,0,0,0,0,0,0,2,0,0,0,0,0,0,0,0,0,0,3,0,0,0,0,0,0,0,0,0,0,0,0,1,0,1,0,0,1,0,0,1,0,1,0,1,0,0,0,0,0,0
1997-03,0,0,0,0,0,0,0,0,0,0,0,0,0,0,0,0,0,0,1,0,0,0,0,0,0,0,0,0,0,0,0,0,0,0,0,0,0,0,0,0,0,0,0,0,0,0,0,0,0,0,0,0,0,0,0,0,0,0,1,0,0,3,2,0,0,0,0,0,0,0,1,0,1,0,0,0,0,0,1,0,0,0,0,1,0,0,2,1,1,0,0,0,0,1,0,1,3,1,0,0,0,0,0,0
1997-04,0,0,0,0,0,0,1,0,0,0,0,0,0,0,0,0,0,0,0,0,0,0,0,0,0,0,0,0,0,0,0,0,0,0,0,0,0,0,0,0,0,0,0,0,0,0,0,0,0,0,0,0,0,0,0,0,0,0,0,0,0,0,0,0,0,0,0,0,0,0,0,1,1,0,0,0,0,0,3,0,1,0,1,1,0,0,0,1,1,0,1,0,0,0,0,0,2,0,0,0,0,0,0,0
1997-05,0,0,0,0,0,0,0,0,0,0,0,0,0,0,0,0,0,0,0,0,0,0,0,0,0,0,0,0,0,0,0,0,0,0,0,0,0,0,0,0,0,0,0,0,0,0,0,0,0,0,0,0,0,0,0,0,0,1,0,0,0,0,0,0,0,0,0,0,0,0,0,1,2,0,0,0,0,0,4,0,1,0,0,0,0,0,1,1,0,0,0,1,0,3,0,2,3,1,1,0,0,0,0,0
1997-06,0,0,0,1,0,0,1,0,0,0,0,0,0,0,0,0,0,0,0,0,0,0,0,0,0,0,0,0,0,1,0,0,0,0,0,2,0,0,0,0,0,0,0,0,0,0,0,0,0,0,0,0,0,0,0,0,0,0,0,0,0,0,0,0,0,0,0,0,0,0,0,0,0,0,0,0,0,0,1,0,0,2,1,0,1,0,0,0,0,0,2,0,0,0,0,0,0,1,0,0,0,0,0,0
1997-07,0,0,0,0,0,0,0,0,0,0,0,0,0,1,0,0,0,0,0,0,0,0,0,0,0,0,0,0,0,0,0,0,0,0,0,0,0,0,0,0,0,0,0,0,0,0,0,0,0,0,0,0,0,0,0,0,0,0,0,0,0,0,0,0,0,0,0,0,0,0,0,0,0,0,0,0,0,0,2,1,0,1,0,1,3,0,1,1,1,0,0,0,0,2,0,0,2,2,0,0,0,0,0,0
1997-08,0,0,0,0,0,0,0,0,0,0,0,0,0,0,0,0,0,0,0,0,0,0,0,0,0,0,0,0,0,0,0,0,0,0,0,0,0,0,0,0,0,0,0,0,0,0,0,0,0,0,0,0,0,0,0,0,0,0,0,0,0,0,0,0,0,0,0,0,0,0,2,0,1,0,0,0,0,0,2,2,2,3,1,1,1,0,0,3,2,0,0,0,0,2,0,0,3,1,0,0,0,0,0,0
1997-09,0,0,0,0,0,0,0,0,0,1,0,0,0,0,0,0,0,0,0,0,0,0,0,0,0,0,0,0,0,0,0,0,0,0,0,0,0,0,0,0,0,0,0,0,0,0,0,0,0,0,0,0,0,0,1,0,0,0,2,0,0,4,0,0,0,0,0,0,0,0,0,0,0,0,0,0,0,0,0,1,0,0,0,0,0,0,0,8,3,0,2,0,1,2,0,0,1,1,0,0,0,0,0,0
1997-10,0,0,0,0,0,0,0,0,0,0,0,0,0,0,0,0,0,0,0,0,0,0,0,0,0,0,0,0,0,0,0,0,0,0,0,0,0,0,0,0,0,0,0,0,0,0,0,0,0,0,0,0,0,0,0,0,0,0,2,0,0,0,0,0,0,0,0,0,0,0,0,0,0,0,0,0,0,0,0,0,0,0,0,0,0,0,0,3,5,1,2,0,0,3,0,2,1,2,0,0,0,0,0,0
1997-11,0,0,0,0,0,0,0,0,0,0,0,0,0,0,0,0,0,0,0,0,0,0,0,0,0,0,0,0,0,0,0,0,0,0,0,0,0,0,0,0,0,0,0,0,0,0,0,0,0,0,0,0,0,0,0,0,0,0,0,0,0,0,0,0,0,0,0,0,0,0,0,0,0,0,0,0,0,0,2,1,1,0,0,1,1,0,0,1,3,0,0,0,0,5,0,1,1,1,0,0,2,0,0,0
1997-12,0,1,0,0,3,0,0,0,0,0,0,0,0,0,0,0,0,0,0,0,0,0,0,0,0,0,0,0,0,0,0,0,0,0,0,0,0,0,0,0,0,0,0,0,0,0,0,0,0,0,0,0,1,2,0,0,0,0,1,0,1,1,1,0,1,1,0,0,0,0,0,0,1,0,0,0,0,0,3,1,0,0,2,1,1,0,0,1,3,1,0,0,0,1,0,0,2,0,1,0,0,0,0,0
1998-01,0,0,0,0,0,0,0,0,0,0,0,0,0,0,0,1,0,0,0,0,0,0,0,0,0,0,0,0,3,0,0,0,0,0,0,0,0,0,0,0,0,0,0,0,0,0,0,0,0,0,0,0,0,0,0,0,0,0,0,0,0,1,0,0,0,0,0,0,0,0,1,0,0,0,0,0,0,0,5,0,3,0,0,4,4,0,0,5,2,2,2,0,0,2,0,2,6,0,0,0,0,0,0,0
1998-02,1,0,0,0,0,0,0,0,0,0,0,0,0,0,0,0,0,0,0,0,0,0,0,0,0,0,0,0,0,0,0,0,0,0,0,1,0,0,0,0,0,0,0,0,0,0,0,0,0,0,0,0,0,1,0,0,0,0,2,0,0,1,1,0,0,0,0,0,0,0,0,0,1,0,0,0,0,0,2,0,1,0,0,0,2,0,0,2,2,0,1,0,1,2,0,0,4,2,0,0,1,0,0,0
1998-03,0,0,0,0,0,0,0,0,0,0,0,0,0,0,0,0,0,0,0,0,0,0,0,0,0,0,0,0,0,0,0,0,0,0,0,0,0,0,0,0,0,0,0,0,0,0,0,0,0,0,0,0,1,0,1,0,0,0,2,0,2,0,0,0,1,0,0,0,0,0,0,0,0,0,0,0,0,0,2,1,0,0,0,1,5,0,1,3,1,0,3,0,0,3,0,0,4,0,1,0,0,0,0,0
1998-04,0,0,0,0,0,0,0,0,0,2,0,0,0,0,0,0,0,0,0,0,0,0,0,0,0,0,0,0,0,0,0,0,0,0,0,0,0,0,0,0,0,0,0,0,0,0,0,0,0,0,0,0,0,1,0,0,0,0,2,0,0,0,0,0,1,0,0,0,0,1,0,0,1,0,0,0,0,0,2,2,0,1,0,0,1,1,1,2,4,0,4,1,1,0,0,0,4,0,0,0,0,0,0,0
1998-05,0,0,0,0,0,0,0,0,0,0,0,0,0,0,0,1,0,0,0,0,0,0,0,0,0,0,0,0,0,0,0,0,0,0,0,1,0,0,0,0,0,0,0,0,0,0,0,0,0,0,0,0,0,0,0,0,0,0,0,0,0,0,0,0,0,0,0,0,0,0,0,0,1,0,0,0,0,0,0,0,2,0,0,0,2,0,1,0,3,1,1,0,0,5,0,1,3,0,0,0,0,0,0,2
1998-06,0,0,0,0,0,0,0,0,0,0,0,0,0,0,0,0,0,0,0,0,0,0,0,0,0,0,0,0,0,0,0,0,0,0,0,0,0,0,0,0,0,0,0,0,0,0,0,0,0,0,0,0,0,1,0,1,0,0,1,0,1,3,0,0,0,0,0,0,0,0,1,0,1,0,0,0,0,0,1,0,1,0,0,3,2,0,0,0,1,3,2,0,0,1,0,0,1,0,1,0,0,0,0,1
1998-07,1,0,0,0,0,0,0,0,0,0,2,0,0,0,0,0,0,0,0,0,0,0,0,0,0,0,0,0,0,0,0,0,0,0,0,0,0,0,0,0,0,0,0,0,0,0,0,0,0,0,0,0,0,0,0,0,0,0,1,0,0,0,0,0,0,0,0,0,0,0,0,0,2,0,0,0,0,0,2,0,2,0,0,0,3,1,0,4,0,3,0,0,0,0,0,1,3,1,0,0,0,0,1,1
1998-08,0,0,0,0,0,0,0,0,0,0,0,0,0,0,0,0,0,0,0,0,0,0,0,0,0,0,0,0,0,0,0,0,0,0,0,0,0,0,0,0,0,0,0,0,0,0,0,0,0,0,0,0,0,0,0,0,0,0,8,0,0,1,0,0,1,0,0,0,0,0,0,0,1,0,0,0,0,0,1,1,2,0,0,0,2,0,0,8,5,2,5,1,0,1,0,0,5,1,0,1,0,0,1,0
1998-09,0,0,0,0,0,0,0,0,0,1,0,0,0,0,0,0,0,0,0,0,0,0,0,0,0,0,0,0,0,0,0,0,0,0,0,2,0,0,0,0,0,0,0,0,0,0,0,0,0,0,0,0,0,0,0,0,0,0,1,0,0,0,1,0,2,0,1,1,0,0,0,0,0,0,0,0,0,0,5,0,3,3,0,4,1,0,0,10,4,1,4,0,0,0,0,0,4,0,0,0,1,0,1,0
1998-10,0,1,0,0,0,0,0,0,0,0,0,0,0,0,0,0,0,0,0,0,0,0,0,0,0,0,0,0,0,0,0,0,0,0,0,0,0,0,0,0,0,0,0,0,0,0,0,0,0,0,0,0,0,1,2,0,0,0,0,0,1,0,0,0,2,0,0,0,0,0,0,0,0,0,0,0,0,0,4,0,0,10,1,0,1,0,4,8,5,1,2,0,0,1,0,1,1,1,0,0,0,0,0,0
1998-11,0,0,0,0,0,0,0,0,0,0,0,0,0,0,0,0,0,0,0,0,0,0,0,0,0,0,0,0,0,0,0,0,0,0,0,1,0,0,0,0,0,0,0,0,0,0,0,0,0,0,0,0,0,2,2,1,0,0,0,0,0,0,0,0,0,0,0,0,0,0,0,0,1,0,0,0,0,0,3,0,1,6,0,0,0,0,2,2,0,2,4,0,0,2,0,0,2,1,1,0,6,0,0,0
1998-12,1,0,0,0,0,0,0,0,0,0,0,0,0,0,0,0,0,0,0,1,0,0,0,0,0,0,0,0,0,0,0,0,0,0,0,2,0,0,0,0,0,0,0,0,0,0,0,0,0,0,0,0,2,0,1,1,0,2,0,0,0,0,0,0,0,0,0,0,0,0,0,0,0,2,0,0,0,0,1,0,3,1,5,0,0,0,1,5,3,3,1,0,0,3,0,1,3,0,0,0,2,0,0,0
1999-01,0,0,0,0,0,0,0,0,0,0,0,0,0,0,0,0,0,0,0,0,0,0,0,0,0,0,0,0,0,0,0,0,0,0,0,0,0,0,0,0,0,0,0,0,0,0,0,0,0,0,0,0,0,1,0,0,0,0,1,0,0,1,0,0,0,0,0,0,0,0,1,0,0,0,0,0,0,0,6,1,0,2,4,3,3,0,4,12,2,0,5,0,0,2,0,0,3,2,0,0,0,0,0,0
1999-02,0,0,0,0,0,0,0,0,0,0,1,0,0,0,0,1,0,0,0,0,0,0,0,0,0,0,0,0,0,0,0,0,0,0,0,0,0,0,0,0,0,0,0,0,0,0,0,0,0,0,0,0,2,0,0,0,0,0,0,0,0,1,1,0,1,0,0,0,0,0,0,0,1,0,0,0,0,0,1,0,1,0,4,2,5,0,1,7,0,4,5,1,0,1,0,0,2,2,0,0,0,0,0,0
1999-03,0,0,0,0,0,1,0,0,0,0,0,0,0,0,0,0,0,0,0,0,0,0,0,0,0,0,0,0,0,0,0,0,0,0,0,0,5,1,0,0,0,0,0,0,0,0,0,0,0,0,0,0,0,0,0,0,0,0,2,0,0,0,1,0,2,0,0,0,0,0,0,0,0,2,0,0,0,0,0,1,1,6,1,4,1,1,2,10,3,0,0,1,0,12,0,1,2,2,0,0,0,0,0,1
1999-04,0,0,0,0,0,0,0,0,1,0,0,0,0,0,0,0,0,4,0,0,0,0,0,0,0,0,0,0,0,0,0,0,0,0,0,0,0,0,0,0,0,0,0,0,0,0,0,0,0,0,0,0,3,1,0,0,0,0,1,1,0,0,0,0,1,0,0,0,0,0,1,0,0,3,0,0,0,0,4,3,3,4,1,5,4,0,1,5,2,7,8,1,0,4,0,0,2,4,0,1,0,0,0,0
1999-05,0,0,0,0,0,1,0,0,0,0,0,0,0,0,0,0,0,0,0,0,0,0,0,0,0,0,0,0,0,0,0,0,0,0,0,0,0,0,0,0,0,0,0,0,0,0,0,0,0,0,0,0,1,0,0,0,0,0,1,0,0,0,0,0,4,1,0,0,0,0,0,0,0,0,0,0,0,0,5,1,0,3,3,4,3,0,4,3,0,0,4,0,0,3,0,1,2,2,1,0,0,0,0,4
1999-06,0,0,0,0,0,0,0,0,0,0,0,0,0,0,0,0,0,0,2,0,0,0,0,0,0,0,0,0,0,0,0,0,1,0,0,0,0,0,1,0,0,1,0,0,0,0,0,0,0,0,0,0,1,0,0,0,0,0,0,0,0,1,1,0,4,0,0,0,0,0,0,0,0,1,0,0,0,0,6,0,0,2,5,4,3,1,6,10,0,2,5,0,2,6,0,1,2,0,0,0,0,0,0,0
1999-07,0,0,0,0,0,0,0,0,0,0,0,0,0,0,0,0,0,0,0,0,0,0,0,0,0,0,0,0,0,0,0,0,0,0,0,1,0,0,0,0,0,0,0,0,0,0,0,0,0,0,0,0,2,1,0,1,0,0,0,0,0,1,0,0,0,0,0,0,0,0,0,0,1,0,0,0,0,0,11,0,4,4,1,1,0,1,0,6,0,2,2,0,0,3,0,1,4,1,0,1,0,0,0,0
1999-08,0,0,0,0,0,0,0,0,0,0,0,0,0,0,0,0,0,2,0,0,0,0,0,0,0,0,0,0,0,0,0,0,0,0,0,0,0,0,1,0,0,0,0,0,0,0,0,0,0,0,0,0,0,2,0,0,0,0,0,0,0,0,1,0,1,0,0,0,0,1,1,0,0,0,0,0,0,0,8,6,0,1,0,3,0,0,3,19,2,4,5,1,0,2,0,2,2,0,0,2,0,0,0,0
1999-09,0,0,0,0,0,0,0,0,0,0,1,0,0,0,0,0,0,0,2,0,0,0,0,0,0,0,0,0,0,0,0,0,0,0,0,0,0,0,0,0,0,0,0,0,0,0,0,0,0,0,0,0,0,6,0,1,0,0,1,0,0,1,0,0,1,0,0,0,0,0,1,0,0,0,0,0,0,0,2,9,2,1,0,11,3,0,3,16,3,4,5,0,1,4,0,0,1,2,0,0,2,0,0,0
1999-10,0,0,0,0,0,0,0,0,0,0,0,0,0,0,0,0,0,0,0,0,0,0,0,0,0,0,0,0,0,0,0,0,0,0,0,0,0,0,0,0,0,0,0,0,0,0,0,0,0,0,0,0,0,2,0,0,0,0,1,0,0,0,1,0,4,1,0,1,0,0,1,2,0,1,0,1,0,0,5,2,4,5,0,5,3,0,0,15,1,0,7,0,0,1,0,2,1,1,0,2,0,0,0,1
1999-11,0,0,0,0,0,0,1,0,0,0,0,0,0,0,0,0,0,0,0,0,0,0,0,0,0,0,0,0,0,0,0,0,0,0,0,0,0,0,0,0,0,0,0,0,0,0,0,0,0,0,0,0,1,3,0,2,0,0,3,0,1,6,0,0,1,0,0,0,0,0,0,0,0,0,0,0,0,0,3,2,7,3,0,1,3,2,0,16,1,2,2,0,2,3,0,1,3,1,0,0,0,0,0,0
1999-12,0,0,0,0,0,0,0,0,0,0,0,0,0,0,0,0,0,0,1,0,0,0,0,0,0,0,0,0,0,0,0,0,0,0,0,0,0,0,0,0,0,0,0,0,0,0,0,0,0,0,0,0,0,5,0,0,0,0,0,0,0,2,0,0,2,0,0,0,0,0,1,0,0,2,0,0,0,0,2,1,0,5,1,7,4,2,1,10,1,2,2,1,0,3,0,1,2,0,0,0,1,0,0,0
2000-01,0,0,0,0,0,0,0,0,0,0,0,0,0,0,0,0,0,0,0,0,0,0,0,0,0,0,0,0,0,0,0,0,0,0,0,0,0,0,0,0,0,0,0,0,0,0,0,0,0,0,0,0,1,4,0,0,0,0,0,0,0,1,0,0,2,0,0,0,0,0,6,0,0,0,0,0,0,0,15,5,5,4,0,4,1,3,0,3,4,4,7,1,1,4,0,0,7,3,0,0,1,1,0,0
2000-02,0,0,0,0,0,0,0,0,0,0,0,0,1,0,0,0,0,0,0,0,0,0,0,0,0,0,1,0,0,0,0,0,0,0,0,0,0,0,2,0,0,0,0,0,0,0,0,0,0,0,0,0,2,1,0,1,0,0,0,0,0,1,0,0,1,0,0,1,0,0,0,2,0,1,0,0,0,0,3,6,5,16,0,1,3,2,0,6,6,4,3,0,0,3,0,1,1,3,0,0,4,0,0,0
2000-03,1,0,0,0,0,0,0,0,0,0,0,1,0,0,0,0,0,0,0,0,0,0,0,0,0,0,0,0,0,0,0,0,0,0,0,0,0,0,0,0,0,0,0,0,1,0,0,0,0,0,0,0,1,0,0,1,0,0,1,0,0,0,0,0,1,0,0,0,0,0,1,4,3,0,0,0,0,0,2,6,6,4,1,2,3,2,1,9,3,10,5,0,0,2,0,1,3,2,0,0,1,1,0,0
2000-04,1,0,0,0,0,0,0,0,0,0,0,0,0,0,0,0,0,0,0,0,0,0,0,0,0,0,0,0,0,0,0,0,0,0,0,0,0,0,1,0,0,0,0,0,0,0,0,0,0,0,0,0,1,0,0,0,0,0,0,0,0,4,0,0,3,2,0,0,0,0,1,0,0,0,0,0,0,0,2,3,0,5,1,0,2,1,2,24,3,4,9,0,1,3,0,1,4,0,1,0,2,0,0,0
2000-05,0,0,0,1,0,0,0,0,0,2,0,0,0,0,0,0,0,0,0,0,0,0,0,0,0,0,0,0,0,0,0,0,0,0,0,0,0,0,3,0,0,0,0,1,0,0,0,0,0,0,0,0,0,1,0,1,0,0,0,0,0,2,0,0,2,0,0,0,0,2,2,0,0,0,0,0,0,0,1,1,3,0,0,4,1,0,4,13,5,2,18,0,1,0,0,1,3,1,1,0,0,0,0,0
2000-06,0,0,0,0,0,0,0,0,0,0,0,0,0,0,0,0,0,0,0,0,0,0,0,0,0,0,0,0,0,0,0,0,0,0,0,0,0,0,0,0,0,0,0,0,0,0,0,0,0,0,0,0,0,1,0,0,0,3,0,0,0,16,0,0,0,1,0,0,0,2,3,0,1,0,0,0,0,0,6,1,2,2,0,5,1,0,0,5,5,6,6,0,0,5,0,1,3,1,1,0,2,0,0,0
2000-07,0,0,0,0,0,0,0,0,0,0,0,0,0,0,0,0,0,0,0,0,0,0,0,0,0,0,0,0,0,0,0,0,0,0,0,0,0,0,1,0,0,0,0,0,0,1,0,0,0,0,0,0,0,0,1,1,0,0,1,0,0,7,0,0,6,0,0,2,0,0,4,0,0,3,0,0,0,0,5,6,7,0,0,1,2,0,0,7,0,5,6,1,2,4,0,1,9,1,0,0,2,0,0,0
2000-08,0,0,0,0,0,0,0,0,0,0,0,0,0,0,0,0,0,0,0,0,0,0,0,0,0,0,0,0,0,0,0,0,0,0,0,0,0,0,0,0,0,0,0,0,0,0,0,0,0,0,0,0,0,0,2,1,0,0,0,0,0,1,0,0,1,0,1,0,0,2,2,0,0,0,0,0,0,0,4,2,2,3,1,5,1,2,3,12,4,8,4,0,0,4,0,7,4,0,0,0,4,1,0,0
2000-09,0,0,0,0,0,0,1,0,0,0,0,0,0,0,0,1,0,0,0,0,0,0,0,0,0,0,0,0,0,0,0,0,0,0,0,0,0,0,0,0,0,0,0,0,0,0,0,0,0,0,0,0,1,1,1,0,1,0,0,0,1,0,1,1,3,4,0,1,0,0,3,0,0,0,0,0,0,0,0,5,8,5,5,0,4,1,1,1,2,4,4,0,0,5,0,4,5,0,0,3,3,0,1,2
2000-10,0,0,0,0,0,0,0,0,0,0,0,0,0,0,0,0,0,1,0,0,0,0,0,0,0,0,0,0,0,0,0,0,0,0,0,0,0,0,0,0,0,0,0,0,0,0,0,0,0,0,0,0,1,1,0,2,0,0,1,4,0,1,0,0,3,1,0,5,0,0,1,1,0,0,0,0,0,0,5,1,2,6,3,2,1,1,1,6,1,2,3,0,0,1,0,3,2,2,0,1,1,0,0,1
2000-11,0,0,0,0,0,0,0,0,0,0,0,0,0,0,0,0,0,1,0,0,0,0,0,0,0,0,0,0,0,0,0,0,0,0,0,0,0,0,0,0,0,0,0,0,0,0,0,0,0,0,0,0,2,1,2,3,0,0,1,1,0,0,1,0,3,1,0,0,0,3,4,1,0,1,0,0,0,0,4,4,1,2,1,3,4,1,0,5,1,2,6,0,1,1,0,0,2,5,1,0,2,0,0,0
2000-12,0,0,0,0,0,0,0,0,0,0,0,0,0,0,0,0,0,2,0,0,0,0,0,0,0,0,0,0,0,0,0,0,0,0,0,0,0,0,1,0,0,0,0,0,0,0,0,0,0,0,0,0,1,4,1,0,0,0,1,2,0,0,3,0,3,0,0,0,0,4,0,0,2,0,0,0,0,0,4,0,6,6,0,3,1,2,1,11,7,2,16,0,0,3,0,5,3,1,0,0,2,0,0,0
2001-01,0,0,0,0,0,0,0,0,0,0,0,0,0,0,0,0,0,0,0,0,0,0,0,0,0,1,0,0,1,0,0,0,0,0,0,0,0,0,1,0,0,0,0,1,0,0,0,0,0,0,0,0,1,2,1,2,3,1,0,0,0,1,0,1,1,0,0,5,0,4,3,2,0,0,0,0,0,0,8,7,5,6,1,2,0,1,2,17,1,2,5,1,0,5,0,1,8,2,0,1,0,0,0,0
2001-02,0,0,0,0,0,0,0,0,0,0,0,0,0,0,0,0,0,0,0,0,0,0,0,0,0,0,0,0,0,0,0,0,0,0,0,0,0,0,0,0,0,0,0,0,3,0,0,0,0,0,0,0,1,3,0,4,1,0,0,0,1,2,0,0,0,0,0,1,0,4,2,6,0,0,0,0,0,0,1,0,6,4,3,5,4,5,8,9,4,5,9,0,2,5,0,4,9,0,0,1,0,1,0,0
2001-03,0,1,0,0,0,0,0,0,0,1,0,0,0,0,0,0,0,0,1,0,0,0,0,0,0,0,0,0,0,0,0,0,0,0,0,0,0,0,0,0,0,0,0,0,2,0,0,0,0,0,0,0,3,5,3,1,0,1,1,0,4,0,1,0,0,0,0,2,0,5,0,1,0,2,1,0,0,0,9,4,2,2,2,2,4,2,9,2,8,6,6,1,1,2,0,8,8,2,0,1,0,1,0,3
2001-04,0,0,0,2,0,0,0,0,0,0,0,0,0,0,0,0,0,1,0,0,0,0,0,0,0,0,0,0,0,0,0,0,0,0,0,0,0,0,0,0,0,0,0,0,0,0,0,0,0,0,0,0,2,4,1,1,0,0,3,1,1,1,0,0,3,0,1,0,0,3,0,1,1,5,0,0,0,0,4,1,6,9,9,2,2,1,4,9,2,1,3,0,1,7,0,6,9,0,1,0,1,0,1,0
2001-05,0,0,0,0,0,0,0,0,0,0,0,0,0,0,0,0,0,0,1,0,0,0,0,0,0,0,0,0,0,0,0,0,0,0,0,0,0,1,0,0,0,0,0,1,2,0,0,0,0,0,0,0,5,3,0,0,0,0,0,0,0,1,0,0,1,0,0,2,0,7,1,2,0,4,0,0,0,0,3,4,2,4,2,5,4,0,3,9,4,4,5,1,0,1,0,9,8,3,1,0,0,0,0,0
2001-06,0,0,0,0,0,0,0,0,2,0,0,0,0,0,0,0,0,0,2,0,0,0,0,0,0,0,0,0,0,0,0,0,0,0,0,0,0,0,0,0,0,0,0,0,1,1,0,0,0,0,0,0,4,2,0,0,6,0,1,0,2,0,5,1,7,0,1,0,0,6,1,0,0,3,0,0,0,0,7,3,4,5,1,2,3,1,2,6,13,8,15,4,2,3,0,8,2,6,0,1,0,0,0,1
2001-07,0,0,1,0,0,0,0,0,0,2,0,0,0,0,0,0,0,0,2,1,0,0,0,0,0,0,0,0,0,0,0,0,0,0,0,0,0,0,0,0,0,1,0,0,0,0,0,0,0,0,0,0,2,7,1,1,5,0,6,0,1,1,6,1,4,0,0,0,0,2,3,0,0,4,0,0,0,0,6,6,5,2,4,6,6,3,4,4,5,5,14,2,0,4,0,6,10,2,0,0,1,0,0,0
2001-08,0,0,0,0,0,0,0,0,0,0,0,0,0,0,0,0,0,0,1,0,0,0,0,0,0,0,0,0,0,0,0,0,0,0,0,0,0,0,0,0,0,0,0,0,2,0,0,0,0,0,0,0,1,3,0,1,0,1,0,0,0,0,0,1,1,0,0,1,0,10,2,0,0,0,0,0,0,0,2,3,0,5,5,0,3,0,3,7,2,1,17,3,1,6,0,2,13,10,0,0,1,0,0,0
2001-09,0,0,0,0,0,0,0,0,0,0,0,0,1,0,0,0,0,0,2,0,0,0,0,0,0,0,0,0,0,0,0,0,0,0,0,0,0,0,0,0,0,0,0,0,2,0,0,0,0,0,0,0,2,1,0,1,0,0,1,0,1,3,0,0,0,3,0,4,0,2,5,1,0,0,0,0,0,0,4,6,2,5,4,1,2,4,1,2,2,2,17,2,0,3,1,2,8,2,1,0,1,0,1,0
2001-10,0,0,0,0,0,0,0,0,0,0,0,1,0,0,0,0,0,1,0,0,0,0,0,0,0,0,0,0,0,0,0,0,0,0,0,0,0,0,0,0,0,1,0,0,2,0,0,0,0,0,0,0,2,2,3,2,2,0,1,0,0,1,0,1,3,0,0,5,0,6,3,2,0,0,0,0,0,0,6,6,5,6,0,0,0,4,12,20,4,1,31,0,0,6,1,5,14,2,1,0,5,0,0,0
2001-11,0,0,0,0,0,0,0,0,3,0,0,0,0,0,0,0,0,0,0,0,0,0,0,0,0,0,0,0,1,0,0,0,0,0,0,2,0,0,0,0,0,0,0,0,4,0,0,0,0,0,0,0,3,6,1,3,3,0,8,0,6,3,7,0,4,2,0,0,0,2,8,2,0,0,0,0,0,0,11,6,5,6,4,2,5,0,1,9,0,0,20,1,0,7,0,2,6,6,1,1,0,0,2,0
2001-12,0,0,0,0,0,0,0,0,0,0,0,0,0,0,0,0,0,0,0,0,0,0,0,0,0,0,0,0,0,0,0,0,0,0,0,0,0,0,1,0,0,0,0,0,2,0,0,0,0,0,0,0,4,1,0,0,1,0,1,0,0,1,1,3,2,0,0,0,0,4,4,2,0,0,0,0,0,0,9,4,1,4,0,2,4,3,2,4,7,6,10,1,2,4,0,7,9,5,0,0,9,0,3,0
2002-01,0,0,0,0,0,0,0,0,0,0,0,0,0,0,0,0,0,0,0,0,0,0,0,0,0,0,0,0,0,0,0,0,0,0,0,0,0,0,1,0,0,0,0,0,2,0,0,0,0,0,0,0,2,2,2,2,0,4,1,0,0,2,7,1,3,1,0,0,0,4,3,0,0,0,0,1,0,0,13,7,8,3,13,0,0,2,4,17,6,4,14,1,1,5,0,7,10,0,0,0,1,0,3,0
2002-02,0,0,0,0,0,0,0,0,0,0,0,0,0,0,0,0,0,0,1,0,0,0,0,0,0,0,0,0,0,1,0,0,0,0,0,0,0,0,0,0,0,0,0,0,1,0,0,0,2,0,0,0,5,3,4,1,1,2,1,0,0,4,2,1,3,1,0,1,0,4,3,2,0,2,0,0,0,0,7,5,8,5,3,1,2,1,4,27,1,2,17,2,0,2,1,7,13,4,2,2,2,0,0,0
2002-03,0,0,1,0,0,0,0,0,0,1,0,0,0,0,0,1,0,0,0,0,0,0,0,0,0,0,0,0,0,1,0,0,0,0,0,0,0,0,0,0,0,0,0,0,0,0,0,0,1,0,0,0,2,0,1,5,1,1,1,0,0,3,0,0,2,1,0,0,0,2,10,3,1,0,0,3,0,0,10,4,5,3,13,7,2,1,5,23,6,1,12,0,1,6,0,6,13,4,1,0,6,2,1,0
2002-04,0,0,0,0,0,0,0,0,0,1,0,0,0,0,0,0,0,0,0,0,0,0,0,0,0,0,0,0,0,0,0,0,1,0,0,0,0,0,0,0,0,0,0,0,0,0,0,0,0,0,0,0,1,5,0,7,0,0,0,0,1,1,3,0,8,0,0,5,1,1,3,5,0,0,0,1,0,0,14,7,4,9,3,0,3,3,7,18,4,3,9,3,1,9,0,3,12,3,0,0,2,0,1,0
2002-05,0,0,0,0,0,0,0,0,0,1,0,0,0,0,0,0,0,0,0,0,1,0,0,0,0,0,0,0,0,0,0,0,0,0,0,0,0,0,0,0,0,0,0,0,2,0,0,0,0,0,0,0,4,5,2,0,2,3,0,0,2,2,7,0,7,0,0,3,0,5,4,0,0,1,0,1,0,0,12,1,8,9,2,2,0,5,12,15,3,4,20,1,1,9,0,11,13,4,0,4,3,0,2,0
2002-06,0,0,0,0,0,0,0,0,0,0,0,0,0,0,0,0,0,0,1,0,0,0,0,0,0,0,0,0,0,0,0,0,0,0,0,0,0,0,0,0,0,0,0,0,0,0,0,0,0,0,0,0,3,1,2,3,1,0,0,0,1,0,4,0,4,0,0,4,0,3,5,0,0,2,0,0,0,0,9,15,5,10,4,2,5,0,1,11,6,5,16,0,3,5,0,11,19,3,8,0,1,0,0,2
2002-07,0,0,0,0,0,0,0,0,3,0,0,0,0,0,0,0,0,1,0,0,0,0,0,0,0,0,0,0,0,0,0,0,0,0,0,0,0,0,0,0,0,0,0,0,0,0,0,0,0,0,0,0,2,5,0,4,0,0,1,0,2,0,1,0,5,0,0,3,0,7,7,1,0,0,0,0,0,0,29,17,10,6,1,4,3,5,1,12,5,2,16,1,4,8,0,11,13,2,1,0,1,0,0,0
2002-08,0,0,0,0,0,0,0,0,0,0,0,1,1,0,0,0,0,1,0,1,0,0,0,0,0,0,0,0,0,0,0,0,1,0,2,0,0,0,0,0,0,0,0,0,0,0,0,0,0,0,0,0,2,21,4,2,0,0,1,1,1,1,0,6,4,2,0,2,0,5,11,2,0,1,0,0,0,0,22,14,5,4,7,2,4,11,6,20,11,6,15,1,0,5,0,12,16,4,0,0,1,0,1,0
2002-09,0,0,0,0,0,0,0,0,0,0,0,0,0,0,0,0,0,0,2,1,0,0,0,0,0,0,0,0,0,0,0,0,1,0,0,0,0,0,0,0,0,0,0,0,4,0,0,0,0,0,0,0,0,18,10,2,0,0,0,0,1,0,3,0,4,1,0,1,0,6,4,1,0,0,0,0,0,0,8,3,11,4,7,2,7,6,3,9,7,4,13,5,0,6,0,16,12,4,0,1,0,3,1,1
2002-10,1,0,0,0,2,0,0,0,0,0,0,0,0,0,0,0,0,0,0,0,0,0,0,0,0,0,0,0,0,0,0,1,1,0,0,1,0,0,1,0,0,0,0,0,0,0,0,0,0,0,0,0,1,0,1,1,6,0,3,0,1,4,1,0,1,1,0,3,0,7,6,1,0,1,0,0,0,0,20,6,6,5,6,6,5,4,6,13,11,11,6,3,0,9,0,4,11,2,3,0,2,0,1,4
2002-11,0,0,0,0,1,0,0,0,0,1,0,0,0,0,0,0,0,0,0,0,0,0,0,0,0,0,1,0,0,0,0,0,0,0,0,0,0,0,1,0,0,0,0,0,1,0,0,0,0,0,0,0,3,2,2,0,0,0,10,0,3,0,6,0,4,0,0,4,0,5,4,3,0,0,0,3,0,0,18,3,10,13,1,0,3,3,0,13,1,9,18,0,0,5,0,8,15,5,2,0,2,5,4,1
2002-12,0,0,0,0,0,0,0,0,0,0,0,0,0,0,0,0,0,0,1,0,0,0,0,1,0,0,0,0,1,0,0,0,0,2,0,0,0,0,0,0,0,0,0,0,0,0,0,1,0,0,0,0,4,1,0,2,0,1,0,0,3,5,2,2,2,0,1,2,0,4,7,3,0,0,0,0,0,0,7,4,5,1,6,2,7,4,4,12,7,3,10,2,0,5,0,7,15,11,1,1,5,6,2,1
2003-01,0,0,0,0,1,0,0,0,0,0,2,0,0,0,0,0,0,1,0,0,0,0,0,0,0,0,0,0,0,0,0,0,0,0,0,0,0,0,0,0,0,0,0,4,3,0,0,1,0,0,0,0,3,8,1,0,0,1,6,0,2,3,2,1,3,0,0,0,0,12,12,1,0,1,1,0,0,0,17,15,9,10,6,2,10,5,1,21,3,3,16,4,3,9,2,8,18,6,1,1,3,4,2,0
2003-02,0,0,0,0,0,0,0,0,0,0,0,0,0,0,0,0,0,0,1,0,0,0,0,0,0,0,0,0,0,0,0,0,0,0,0,0,0,1,0,0,0,0,0,3,0,0,0,0,0,0,0,0,6,7,3,2,0,0,6,2,3,1,3,0,7,0,0,0,0,6,13,3,0,0,0,0,0,0,13,3,6,10,2,11,6,5,1,11,5,5,22,5,1,6,3,11,9,5,0,0,4,4,1,0
2003-03,0,0,0,0,0,0,0,0,0,0,0,0,0,0,0,0,0,0,0,0,0,0,0,0,0,0,0,0,0,2,0,0,0,0,0,0,2,0,0,0,0,0,0,0,0,0,0,0,0,0,0,0,5,15,1,0,1,2,0,1,0,6,6,0,5,1,0,1,0,3,21,1,0,0,0,1,0,0,14,5,8,8,3,4,8,8,4,14,9,5,14,7,0,6,0,9,9,11,0,1,5,1,1,0
2003-04,0,0,0,0,0,0,0,0,0,1,0,0,1,0,0,0,0,0,1,0,0,0,0,0,0,0,1,0,0,0,0,0,0,0,0,0,1,1,0,0,0,0,0,0,0,0,0,0,0,0,0,0,2,3,4,1,0,0,2,0,3,1,3,1,5,0,0,6,0,1,32,1,0,0,1,0,0,0,12,13,9,13,5,6,1,10,9,31,4,7,14,1,1,2,1,5,29,4,3,0,1,9,2,0
2003-05,0,0,0,0,0,0,0,0,0,0,0,0,0,0,0,0,0,2,0,0,0,0,0,0,0,0,0,0,0,0,0,0,0,0,0,0,0,0,0,0,0,0,0,0,0,0,0,1,0,0,0,0,2,5,0,2,1,0,5,1,0,4,12,1,3,0,3,6,0,6,8,8,0,0,1,0,0,0,14,11,6,17,3,2,11,11,9,18,6,0,25,3,4,8,1,9,10,5,1,4,4,4,6,1
2003-06,0,1,1,0,0,1,0,0,0,0,0,0,0,0,0,0,0,0,0,0,0,0,0,0,0,0,0,0,0,0,0,0,0,0,0,1,0,0,1,2,0,0,0,0,1,0,0,0,0,0,0,0,1,4,2,3,0,0,1,0,0,14,4,1,5,2,0,2,0,17,13,0,0,0,0,0,0,0,19,13,10,7,8,6,9,13,7,21,19,13,18,3,1,4,3,16,11,5,1,2,5,4,2,0
2003-07,0,0,0,0,0,0,0,0,0,1,0,0,0,0,0,0,0,0,0,0,0,0,0,0,0,0,0,0,0,0,0,0,0,0,0,0,0,3,0,0,0,0,0,0,0,0,0,0,0,0,0,0,9,7,0,2,1,6,0,0,0,4,1,1,3,1,1,1,0,10,9,0,1,0,0,0,0,0,22,9,11,5,13,12,5,10,3,16,5,6,15,2,5,5,0,15,11,5,0,3,1,1,3,1
2003-08,0,0,0,0,0,0,0,0,0,1,0,0,0,0,0,0,0,0,0,0,0,1,0,0,0,0,0,0,0,0,0,0,0,0,0,0,0,0,0,2,0,0,0,0,0,0,0,0,1,0,0,0,3,12,3,2,4,0,1,0,0,14,0,0,6,3,0,4,0,7,15,2,0,0,2,0,0,1,17,16,6,4,19,3,7,7,2,10,7,4,15,5,0,8,0,5,21,5,0,2,3,3,3,3
2003-09,0,0,0,0,0,0,0,0,0,0,0,0,0,0,0,0,0,1,0,0,0,0,0,0,0,0,0,0,0,0,0,0,0,0,0,0,0,0,1,2,0,2,0,0,0,0,0,0,0,0,0,0,5,2,7,3,3,0,1,1,1,10,6,0,3,1,0,0,0,8,8,4,1,0,0,0,0,0,12,10,6,10,11,3,1,23,15,12,4,2,25,7,0,12,0,8,19,5,1,0,5,3,0,3
2003-10,0,0,0,0,1,0,1,0,0,0,0,0,0,0,0,0,0,0,0,0,0,0,0,0,0,0,1,0,0,0,0,0,0,0,0,0,0,0,0,0,0,0,0,0,0,0,0,0,0,0,0,0,5,2,2,1,5,0,2,1,3,7,6,1,1,2,0,1,0,5,16,3,0,3,0,0,0,0,22,8,9,11,4,4,6,8,6,21,12,3,25,3,4,8,0,13,28,15,0,0,2,0,2,0
2003-11,0,1,0,0,0,0,0,0,0,0,0,0,1,0,0,0,0,2,1,0,0,0,0,0,0,0,0,2,0,0,1,0,1,0,0,0,0,0,1,1,0,0,0,0,2,1,0,0,0,0,0,0,4,0,2,3,0,1,4,1,2,5,0,0,2,0,0,5,0,6,10,3,0,0,1,2,0,0,19,19,7,12,2,3,6,14,4,6,6,3,21,4,3,9,2,17,26,25,0,1,0,3,2,0
2003-12,0,0,0,0,0,0,0,0,0,0,0,0,0,0,0,0,0,1,0,0,0,0,0,0,0,0,0,0,0,0,0,0,0,0,0,0,0,0,0,1,0,0,0,0,0,0,0,0,0,0,0,0,2,4,3,4,3,1,13,0,2,8,0,2,3,2,0,0,0,5,13,2,1,0,0,0,0,1,15,5,2,12,8,11,5,3,2,12,2,6,14,1,0,6,0,13,33,17,5,0,0,1,7,0
2004-01,0,0,0,0,1,0,0,0,0,0,0,0,0,0,0,0,0,0,0,0,0,0,0,0,0,0,0,0,0,0,0,0,2,0,0,0,0,0,0,0,0,0,0,0,16,0,0,0,0,0,0,0,1,5,1,2,6,1,18,0,1,6,0,3,1,3,0,2,0,11,27,1,0,0,3,0,2,0,25,5,3,15,6,6,19,9,0,11,5,6,14,3,1,6,0,15,20,19,0,0,1,2,2,1
2004-02,0,0,1,0,0,0,0,0,0,0,0,0,0,0,0,0,0,0,0,0,0,0,0,0,0,0,0,0,0,0,0,3,0,0,0,0,0,0,0,0,0,0,0,0,12,0,0,0,0,0,0,0,0,2,1,5,3,0,7,0,6,6,5,1,6,0,0,5,0,9,14,0,0,0,0,0,0,1,18,8,10,11,7,4,8,8,3,18,2,9,22,4,2,8,0,11,26,10,3,0,1,0,0,4
2004-03,2,0,0,0,0,0,0,0,0,0,0,0,0,0,0,0,0,0,0,0,0,0,0,0,0,0,0,0,0,0,0,0,0,0,0,0,0,0,0,0,0,2,8,0,2,0,0,0,0,0,0,0,2,2,2,5,1,1,4,0,4,6,0,1,4,3,0,5,2,8,16,3,1,0,0,0,0,0,32,9,12,11,16,1,7,15,1,15,5,5,20,2,3,6,11,22,31,20,1,4,1,0,3,2
2004-04,0,0,0,0,0,0,0,0,0,0,0,0,1,0,0,0,2,0,0,1,0,0,0,0,0,0,0,0,0,0,0,0,0,0,0,1,0,0,0,0,0,0,0,0,0,0,0,0,0,0,0,0,3,3,3,6,0,0,4,0,3,2,1,1,3,1,0,3,0,5,29,9,0,0,0,0,0,0,33,7,6,16,26,7,8,10,7,22,2,3,14,2,13,10,2,11,26,25,0,5,1,1,5,2
2004-05,0,1,0,0,0,0,0,0,0,0,0,0,0,0,0,0,0,0,0,0,0,0,0,0,0,0,0,0,0,0,0,0,0,0,0,0,1,0,0,0,0,1,0,0,0,0,0,0,0,0,0,0,5,2,7,6,0,0,5,0,15,5,1,2,3,0,1,6,1,12,27,8,0,2,0,0,0,0,17,3,12,10,4,5,14,16,12,14,10,4,21,3,0,12,1,3,50,12,3,7,0,0,2,3
2004-06,0,0,0,0,0,0,0,0,1,0,1,0,1,0,0,0,0,1,1,0,0,0,0,0,0,0,0,0,0,1,0,0,0,0,0,0,2,0,0,0,0,0,0,0,1,0,0,0,0,0,0,0,3,5,10,4,2,1,12,1,17,0,9,2,5,0,0,5,0,5,14,3,0,1,1,0,0,0,24,4,12,6,4,1,6,6,18,19,9,9,9,3,1,10,0,8,22,4,0,4,7,0,1,1
2004-07,0,0,0,0,0,0,0,0,0,0,0,0,0,0,0,0,0,0,0,1,1,0,0,0,0,0,0,0,0,0,0,0,0,0,0,0,3,0,0,0,0,0,0,0,1,0,0,0,0,0,0,0,2,1,17,2,1,2,3,1,11,7,1,0,6,0,0,1,0,21,22,2,0,0,0,0,0,0,17,10,3,12,9,3,11,14,9,15,8,6,15,3,0,10,0,19,41,6,1,4,4,0,2,0
2004-08,2,0,0,0,0,0,0,0,0,0,0,0,1,0,0,0,0,1,0,0,0,0,0,0,0,0,0,1,0,0,0,0,0,1,0,0,0,0,0,0,0,0,0,0,1,0,0,0,1,0,0,0,1,0,11,8,1,0,7,1,10,5,5,0,13,2,0,3,0,5,15,3,0,1,1,0,0,0,13,4,2,12,7,13,10,4,20,11,12,1,5,2,0,4,0,12,14,8,1,1,6,1,1,5
2004-09,0,0,0,0,0,0,0,0,0,0,0,0,0,0,0,0,0,0,0,1,0,0,0,0,0,0,0,1,1,0,0,0,0,0,0,1,0,0,0,0,0,0,0,0,0,0,0,0,0,0,0,0,9,9,5,3,3,0,12,3,1,4,2,3,4,1,0,2,0,3,8,3,0,0,0,0,0,0,24,4,15,7,7,9,3,7,7,20,2,1,13,0,1,1,0,13,12,15,1,4,1,1,3,1
2004-10,1,0,0,0,0,0,0,0,0,0,0,0,0,0,0,1,0,0,0,0,0,0,0,0,0,0,2,0,0,0,0,0,0,0,0,0,0,0,0,0,0,0,0,0,0,0,0,0,0,1,0,0,8,10,16,5,3,0,9,0,1,6,0,3,2,0,0,2,0,2,5,2,0,0,0,0,0,0,52,16,7,13,9,0,8,9,1,13,3,1,13,3,0,4,0,6,17,20,0,0,0,1,3,1
2004-11,0,0,0,0,0,0,0,0,0,0,0,0,0,0,0,0,0,1,0,0,0,0,0,0,0,0,0,1,0,0,0,0,0,0,0,0,0,0,0,1,0,1,0,0,0,0,0,0,0,0,0,0,7,7,8,16,11,0,2,0,4,7,7,0,2,0,0,3,0,1,8,5,0,0,0,0,0,0,24,10,23,7,13,3,7,5,4,22,10,6,5,1,0,4,0,3,13,18,0,1,2,0,0,0
2004-12,0,0,0,0,0,0,0,0,0,0,0,0,12,0,0,0,0,0,0,0,0,0,0,0,0,0,1,0,1,0,2,0,0,0,0,1,0,0,0,0,0,0,0,0,0,0,0,0,0,0,0,0,3,9,18,9,10,0,4,0,1,4,19,1,0,2,2,1,0,9,19,8,0,0,0,0,0,0,23,5,9,13,8,6,12,3,17,9,9,6,10,1,0,7,0,9,15,15,0,2,1,2,1,0
2005-01,0,0,1,0,0,0,0,1,0,0,0,0,0,0,0,0,0,0,0,0,0,0,0,0,0,0,0,0,0,0,0,0,1,0,0,1,0,0,0,1,0,0,0,0,1,0,0,0,0,0,0,0,1,1,13,6,3,1,15,0,5,7,6,5,6,1,0,2,0,11,14,4,1,0,0,0,0,0,20,20,12,14,4,0,20,2,14,18,13,6,12,3,2,11,0,13,11,17,0,2,1,0,2,0
2005-02,0,0,0,0,1,0,1,1,0,0,0,0,0,0,0,0,0,0,0,1,0,0,0,0,0,0,0,0,1,0,0,0,0,0,0,0,0,0,0,0,0,0,0,0,0,0,0,0,0,0,0,0,3,1,3,4,8,0,6,0,3,4,1,4,5,3,0,1,0,10,20,1,0,1,0,0,0,1,18,5,14,9,9,4,7,5,7,26,6,4,7,0,6,3,0,11,25,17,0,2,0,1,1,0
2005-03,0,0,1,0,0,0,0,1,0,1,0,0,0,0,0,0,0,1,0,0,0,0,0,0,0,0,0,1,0,0,0,0,1,0,0,0,0,0,0,0,1,2,0,0,0,0,0,0,0,0,0,0,2,5,6,7,3,0,8,0,3,7,1,5,19,0,1,1,0,6,15,13,0,1,1,0,0,1,16,8,24,8,8,1,8,1,4,20,11,8,25,3,2,11,0,5,20,18,1,1,1,0,2,0
2005-04,0,0,0,0,0,0,0,1,0,1,0,0,0,0,0,0,0,0,0,0,0,0,0,0,0,0,0,0,0,0,0,1,0,0,1,0,1,0,0,0,1,0,0,0,0,0,0,0,0,0,0,0,0,0,5,17,3,1,9,0,0,3,1,2,33,0,0,1,0,1,14,7,2,3,0,0,0,0,12,8,22,10,4,2,16,7,15,15,8,6,25,1,2,9,0,9,11,9,3,6,1,1,2,0
2005-05,0,0,0,0,1,0,0,0,0,0,0,0,0,1,0,0,0,0,0,0,0,0,0,0,0,0,0,0,2,0,0,0,1,0,0,0,0,0,0,1,0,0,0,0,0,0,0,0,0,0,0,0,2,14,10,21,2,0,14,0,10,2,3,1,21,3,3,4,0,4,11,2,0,1,0,0,0,0,21,10,23,8,8,1,5,5,7,23,6,8,15,3,7,8,0,9,23,7,1,3,0,0,3,0
2005-06,0,0,0,0,1,0,0,0,0,0,0,0,0,0,0,0,0,0,0,0,0,0,0,0,0,0,1,0,0,0,0,0,0,0,0,0,0,4,0,0,0,0,0,0,0,0,0,0,0,0,0,0,12,5,12,36,1,0,4,1,1,2,1,3,6,1,1,0,0,5,5,0,0,0,1,0,0,0,15,10,25,12,9,3,13,2,3,23,12,7,11,3,5,5,0,4,18,15,0,3,0,0,4,2
2005-07,0,0,1,0,0,0,0,0,0,0,0,0,0,0,0,0,0,1,0,0,0,0,0,0,0,0,0,1,0,1,0,0,0,0,0,0,0,4,0,0,0,0,0,0,3,0,0,0,0,0,0,0,4,9,10,47,1,0,8,0,3,5,11,5,26,1,0,4,0,0,2,5,0,2,0,0,1,0,19,7,25,8,11,5,3,5,4,18,9,9,19,8,2,6,0,7,15,14,0,2,2,3,1,0
2005-08,0,0,0,0,0,0,0,0,0,0,0,0,0,0,0,0,0,1,1,0,0,0,0,0,0,0,0,0,1,1,0,0,0,0,0,0,0,0,0,0,0,0,0,0,0,0,0,0,0,0,0,0,11,9,2,46,1,0,7,2,4,6,7,9,17,1,0,2,1,13,14,5,0,0,1,0,1,0,27,6,13,16,7,3,10,4,10,17,14,24,27,1,2,8,0,7,16,9,1,3,0,5,5,1
2005-09,0,0,0,0,0,0,0,0,0,0,4,0,0,0,0,0,0,0,0,0,0,0,0,0,0,0,0,0,0,0,0,0,1,0,0,0,0,0,2,0,6,0,0,1,0,0,0,0,0,0,0,0,10,9,8,22,0,0,2,2,3,0,6,3,13,11,5,3,0,2,11,16,1,0,0,0,0,0,13,9,19,3,14,6,11,10,17,11,6,11,23,3,22,9,0,15,18,64,1,6,4,0,1,1
2005-10,0,0,0,0,0,0,1,0,0,0,0,0,0,3,0,0,0,0,0,0,0,0,0,0,0,0,0,0,1,0,0,0,0,0,0,0,0,0,1,0,6,1,0,4,0,0,0,0,0,0,0,1,7,3,10,6,3,1,7,2,4,2,5,10,25,5,4,5,0,5,5,4,0,1,3,0,0,0,13,2,19,5,11,12,17,8,6,5,9,19,28,3,13,7,0,15,16,21,0,1,6,0,6,0
2005-11,0,0,2,0,0,0,0,0,0,0,0,0,0,0,0,0,0,0,0,0,0,0,0,0,0,0,0,1,1,0,0,0,0,0,0,0,0,0,0,1,0,0,0,1,0,0,0,0,0,0,0,0,10,3,9,12,5,1,1,0,6,12,2,7,19,7,1,3,0,4,8,14,0,0,0,0,0,0,17,7,18,14,11,2,7,10,28,13,15,13,18,2,3,6,0,13,13,20,0,6,1,0,5,0
2005-12,0,1,0,0,0,0,0,0,0,0,0,0,0,0,0,0,0,0,1,0,0,0,0,0,0,0,0,0,0,0,0,0,0,1,0,0,0,1,0,0,0,0,0,0,1,0,0,0,0,0,0,0,12,5,2,6,2,0,5,1,5,15,0,7,15,12,1,4,0,15,8,6,0,0,3,0,0,0,46,9,12,11,21,4,6,4,10,6,7,13,19,2,1,9,0,9,15,10,0,3,5,0,2,0
2006-01,0,0,0,1,0,0,0,0,0,1,0,0,0,0,0,0,0,0,1,0,0,0,0,0,0,0,2,0,0,1,0,1,0,1,0,0,0,0,1,0,0,0,0,0,2,0,0,0,0,0,0,0,13,0,34,8,3,0,2,3,4,7,4,3,25,8,1,0,0,4,8,17,4,0,0,0,1,0,34,12,8,24,22,5,6,11,14,9,11,2,10,8,4,8,0,16,8,21,0,0,2,1,1,0
2006-02,0,0,0,1,0,0,0,0,0,0,0,0,0,0,0,0,0,0,1,0,0,0,0,0,0,0,0,1,0,0,0,0,2,1,0,0,0,0,28,0,0,0,0,0,0,0,0,0,0,0,0,0,2,1,4,13,7,0,10,2,0,7,1,6,10,3,0,2,0,0,2,6,0,2,0,0,0,0,26,16,11,16,7,0,11,9,7,17,6,7,16,5,1,5,0,9,9,24,0,1,3,3,3,0
2006-03,0,3,0,0,0,0,0,0,0,1,0,0,0,0,0,0,0,1,0,0,0,0,0,0,0,0,2,0,0,0,0,0,0,0,0,1,0,0,0,2,0,0,0,0,0,0,0,0,0,0,0,1,7,4,10,11,0,0,5,6,2,6,12,9,17,4,0,0,0,0,20,16,1,0,0,0,1,0,19,14,11,26,15,5,11,17,9,12,8,10,19,9,3,5,0,23,28,17,3,3,2,0,9,0
2006-04,0,0,0,0,0,0,0,0,0,0,0,0,0,0,0,0,0,0,0,0,0,0,0,0,0,0,0,0,0,0,0,0,0,1,0,0,0,0,2,0,0,0,0,1,0,0,0,0,0,0,0,0,5,12,6,2,0,0,2,9,1,4,12,4,25,4,2,0,0,1,5,12,0,1,0,0,2,0,34,17,9,4,5,2,9,9,7,15,2,4,17,10,14,2,0,5,18,13,0,2,0,0,6,4
2006-05,0,0,0,0,0,0,0,0,0,1,0,0,0,1,0,0,0,0,0,0,0,0,0,0,0,0,0,0,3,0,0,0,0,0,0,0,0,0,0,0,0,0,0,0,0,0,0,0,0,0,0,0,2,11,2,10,1,6,9,6,1,3,8,3,10,2,0,3,0,5,4,10,1,0,2,0,7,0,28,10,23,18,8,7,3,4,10,14,11,11,21,17,5,8,0,16,17,12,1,1,2,0,4,0
2006-06,0,0,0,0,0,0,0,1,2,1,0,0,1,0,1,0,0,0,0,0,0,0,0,0,0,0,0,0,0,0,0,0,0,1,0,3,0,0,0,0,0,0,0,0,0,0,0,0,0,0,0,0,2,8,7,7,2,3,5,8,1,24,4,4,10,0,1,1,0,4,3,16,0,0,0,0,0,0,23,13,19,39,10,10,9,11,11,17,8,12,19,10,3,4,0,17,14,8,0,5,1,0,7,3
2006-07,0,0,0,0,0,0,0,0,0,2,0,0,0,0,0,0,0,0,0,0,0,0,0,0,0,0,1,0,1,0,0,0,0,2,0,0,0,0,1,0,0,0,0,0,0,0,0,0,0,0,0,1,6,11,2,9,5,4,4,10,2,5,4,0,16,5,1,0,0,6,13,17,0,1,0,0,0,1,44,10,15,26,14,8,13,12,4,17,4,5,30,7,0,9,0,19,13,17,1,2,0,4,4,14
2006-08,0,0,1,0,0,0,0,0,0,0,0,0,0,0,0,0,0,1,0,0,0,0,0,0,0,0,1,0,0,0,1,0,0,0,0,0,0,0,2,0,0,0,0,0,0,0,0,0,0,0,0,0,12,20,0,4,2,3,3,0,2,8,8,2,16,4,1,4,0,4,8,6,0,0,1,0,1,2,23,8,11,32,5,9,14,14,4,9,18,13,22,5,3,5,0,9,28,13,0,1,0,0,2,5
2006-09,0,1,0,0,0,0,0,4,0,1,0,0,0,0,0,0,0,0,0,0,0,0,0,0,0,0,0,1,0,0,0,0,0,0,0,0,0,0,0,1,0,0,0,1,0,0,0,2,0,0,0,0,9,10,5,2,0,2,1,0,0,6,4,7,23,3,2,1,0,3,12,9,0,1,1,0,0,1,40,11,15,22,6,13,4,8,6,13,10,9,24,9,2,14,0,11,22,8,0,1,0,0,3,2
2006-10,0,1,0,0,0,0,0,0,0,0,0,0,0,0,0,1,0,0,3,0,0,0,0,0,0,0,1,0,1,0,1,0,0,0,0,0,0,0,0,0,0,1,0,0,0,0,0,0,0,0,0,0,8,6,2,5,2,6,4,1,2,15,8,7,9,4,1,0,0,2,6,3,0,0,1,0,1,1,49,7,12,13,7,3,12,4,9,13,14,9,19,6,4,8,0,18,10,12,1,3,2,0,1,0
2006-11,0,1,0,0,0,0,0,0,0,0,0,0,1,0,0,0,0,0,0,0,0,0,0,0,0,0,0,0,0,1,0,0,0,0,0,0,0,0,0,0,0,0,0,0,0,0,0,0,0,0,0,0,3,9,4,4,6,2,9,3,2,18,5,3,14,1,2,1,0,4,11,9,0,0,1,0,6,1,21,12,15,18,8,2,2,14,5,17,7,8,26,3,4,16,0,22,25,15,0,3,2,1,0,0
2006-12,0,0,0,0,0,0,0,0,0,1,0,0,0,1,0,0,0,0,0,0,0,0,0,0,0,0,0,0,0,0,0,0,0,0,0,0,0,0,0,0,0,0,0,0,0,0,0,0,0,0,0,0,8,4,0,2,3,0,41,1,0,18,3,4,9,4,2,0,0,0,7,6,0,1,0,0,3,0,22,3,9,12,7,6,5,1,2,14,6,7,19,12,3,13,0,4,13,10,1,2,4,0,4,3
2007-01,0,0,0,0,0,0,0,0,0,0,0,0,0,0,0,0,0,0,0,0,0,0,0,0,0,0,0,0,0,0,0,0,0,0,0,0,0,0,1,0,0,0,0,0,0,0,0,0,0,0,0,0,4,4,2,1,1,0,9,4,0,11,7,2,11,4,9,1,0,0,11,2,1,0,0,0,2,0,34,17,6,6,6,1,6,7,1,20,10,16,28,11,0,12,0,3,14,7,1,1,1,0,3,0
2007-02,0,0,0,0,0,0,0,0,0,1,0,0,0,0,0,0,0,0,0,0,0,0,0,0,0,0,0,0,1,0,0,0,0,0,0,0,1,0,0,0,0,0,0,0,0,0,0,0,0,0,0,0,39,5,0,15,2,4,3,0,1,12,5,3,5,3,0,0,0,6,17,4,0,0,0,0,0,0,21,7,14,14,2,4,2,10,4,26,7,12,13,5,2,16,1,12,14,15,0,3,5,0,6,2
2007-03,0,1,0,0,1,0,0,0,0,0,1,0,0,0,0,0,0,0,0,0,0,0,0,0,0,0,0,0,2,0,0,0,3,0,0,1,1,0,0,0,0,0,0,0,3,0,0,0,0,0,0,2,11,5,1,12,1,10,13,14,2,22,3,5,7,0,2,3,0,6,15,0,0,1,5,0,0,1,33,7,13,25,18,12,10,8,10,16,16,15,20,8,1,20,1,18,18,10,0,0,1,0,1,1
2007-04,0,2,0,0,0,0,0,0,0,0,0,0,0,0,0,0,0,1,0,0,0,0,0,0,0,0,1,0,0,0,0,0,0,1,0,0,0,0,0,0,0,0,0,0,0,0,0,0,0,0,0,1,1,33,1,7,8,3,8,18,4,9,6,3,10,4,0,0,0,5,10,6,0,1,0,1,2,0,22,12,5,19,7,5,15,10,14,26,16,9,17,5,1,13,0,11,21,17,1,1,1,1,8,1
2007-05,0,2,0,0,0,0,0,1,0,0,0,0,0,0,0,0,0,0,0,0,0,0,0,0,0,0,0,1,0,0,0,0,1,0,0,3,0,0,0,1,0,0,0,0,0,0,0,0,0,0,0,0,16,25,3,4,0,5,1,4,6,16,7,2,17,7,0,1,0,7,4,6,1,2,1,0,0,2,23,28,19,36,5,8,11,12,10,21,9,7,26,8,2,11,0,8,16,10,0,2,4,0,7,3
2007-06,0,1,0,0,0,0,0,0,0,1,0,0,0,0,0,0,0,1,0,0,0,0,0,0,0,0,0,1,2,0,1,0,0,0,0,0,0,0,0,0,0,0,0,0,0,0,0,0,0,0,0,0,9,6,9,8,0,1,4,3,1,5,2,4,6,0,0,2,0,8,2,3,0,0,0,0,0,0,47,15,6,11,4,4,3,7,14,13,11,15,22,8,0,12,0,21,14,13,0,3,0,3,6,1
2007-07,0,0,0,0,0,1,0,0,0,1,0,0,0,0,0,0,0,0,1,0,0,0,0,0,0,0,1,0,0,0,0,0,0,0,0,0,0,0,0,0,0,0,0,0,0,0,0,0,0,0,0,0,18,3,2,11,3,8,4,3,1,3,2,2,6,1,0,4,0,3,9,9,0,0,3,0,0,0,26,18,13,6,7,10,8,12,4,18,9,1,33,11,0,21,0,14,24,11,1,3,1,0,7,3
2007-08,0,1,0,1,0,0,0,0,0,0,0,0,0,0,0,0,0,0,0,0,0,0,0,0,0,0,2,0,0,1,0,0,3,0,0,0,0,0,0,0,0,0,0,2,0,0,0,0,0,0,0,0,4,7,1,6,1,3,1,3,0,3,5,7,7,8,0,3,0,15,4,10,0,0,0,0,0,2,23,26,7,21,3,7,12,7,1,13,14,8,27,5,1,9,0,8,16,16,2,0,0,0,2,9
2007-09,2,0,0,0,0,0,0,0,1,0,0,0,1,0,0,0,0,0,1,0,0,0,0,0,0,0,2,0,0,0,0,0,4,0,0,0,0,0,0,7,0,0,0,0,2,0,0,0,0,0,0,3,13,7,3,5,2,3,4,2,4,7,4,9,4,5,0,3,0,7,10,3,2,0,0,0,0,1,21,8,12,21,12,10,11,14,6,22,11,7,39,10,2,21,0,21,15,12,0,0,0,1,2,2
2007-10,1,0,0,0,0,0,0,0,0,0,0,0,0,0,0,0,0,0,0,0,0,0,0,0,0,0,0,1,0,0,0,0,0,0,0,0,0,0,0,0,0,0,0,1,0,0,0,0,0,0,0,1,12,2,6,5,8,3,0,6,1,9,11,4,7,6,2,17,0,2,9,3,0,0,0,2,1,0,33,9,12,14,7,12,6,23,3,14,15,4,30,6,3,10,0,13,26,14,0,1,0,0,2,3
2007-11,0,0,0,0,0,0,0,0,0,1,0,0,0,0,0,0,0,0,0,0,0,0,0,0,0,0,1,0,0,0,0,0,0,0,0,0,0,0,0,0,0,0,0,0,2,0,0,0,0,0,0,0,37,1,9,8,1,0,1,0,0,13,7,4,8,0,0,4,0,4,1,1,0,0,1,0,2,2,55,5,10,48,8,2,3,9,3,19,12,9,29,4,0,19,0,17,30,10,1,2,1,2,1,0
2007-12,1,0,0,0,0,0,0,0,0,1,0,0,0,0,0,0,0,0,0,0,0,0,0,0,0,0,0,0,0,0,0,0,0,0,0,0,0,0,0,1,0,0,0,0,0,0,0,0,1,0,0,0,5,4,0,4,6,0,5,2,5,9,3,7,9,0,0,2,0,9,5,8,0,0,1,0,10,2,51,14,18,25,6,6,6,17,6,13,6,19,16,7,3,10,0,13,26,30,0,1,0,0,17,6
2008-01,0,0,0,0,0,0,0,0,0,0,0,0,0,0,0,0,0,0,0,0,0,0,0,0,0,0,0,0,0,0,0,0,0,0,0,0,0,1,0,7,0,0,0,0,0,0,0,0,0,0,0,0,11,4,6,3,4,2,1,3,4,7,14,12,8,5,0,11,0,5,7,19,0,2,1,1,1,0,30,26,13,18,3,3,7,13,5,17,13,27,25,12,1,28,0,17,34,17,2,5,1,1,4,0
2008-02,0,0,0,0,1,0,0,0,1,0,0,0,0,0,0,0,0,1,1,0,0,0,0,0,0,0,0,0,2,0,0,0,0,0,0,2,0,0,2,6,0,0,0,0,0,0,0,0,0,0,0,0,10,5,7,3,5,12,9,2,3,11,5,9,14,1,1,8,0,4,32,2,0,2,0,0,1,0,34,15,14,22,12,3,6,11,11,24,4,28,31,9,0,11,0,18,30,18,1,2,0,1,4,2
2008-03,0,1,0,0,0,0,0,1,0,0,0,0,0,0,0,0,0,0,0,0,0,0,0,0,0,0,1,0,1,0,0,0,0,0,0,0,0,1,0,3,0,0,0,0,1,0,0,0,0,0,0,0,7,7,5,8,6,0,11,5,0,5,1,7,14,2,0,16,0,1,13,8,1,3,0,0,0,0,22,15,13,18,4,7,10,2,4,15,12,32,22,10,0,24,0,34,35,22,0,5,1,1,10,5
2008-04,0,0,1,0,0,0,0,0,0,0,1,0,0,0,0,0,0,0,0,1,0,0,0,0,0,0,0,0,0,0,0,0,0,0,0,1,0,0,0,0,0,0,0,0,1,0,0,0,0,0,0,0,8,5,4,12,2,1,8,3,6,5,3,10,17,1,1,16,0,3,17,1,0,1,0,0,6,1,21,20,6,16,6,7,11,8,27,9,15,39,29,17,3,30,0,47,23,52,0,0,4,0,24,8
2008-05,1,0,1,0,1,0,0,0,0,0,0,0,0,0,0,0,0,0,0,1,0,0,0,0,0,0,1,0,0,0,1,0,0,0,0,1,0,0,0,1,0,0,0,0,0,0,0,0,0,0,0,0,9,4,8,20,6,2,2,2,4,17,5,7,5,1,0,2,0,10,8,1,0,1,0,0,0,0,20,16,13,24,8,10,2,23,6,39,5,17,12,8,1,24,0,11,18,27,2,5,1,0,13,0
2008-06,0,0,0,0,0,0,0,0,0,0,0,0,1,0,0,0,0,2,0,1,0,0,0,0,0,0,2,0,1,3,0,0,0,0,0,2,0,0,0,16,0,0,0,0,0,0,0,0,0,0,0,0,25,14,6,12,2,2,2,2,3,18,8,8,8,5,1,2,0,4,5,6,1,0,2,0,1,5,50,22,14,23,10,9,11,25,6,26,15,20,33,30,3,19,0,16,12,12,0,4,2,1,8,0
2008-07,0,0,2,0,0,0,0,1,0,0,1,0,0,0,0,0,0,0,0,0,0,0,0,0,0,0,0,0,1,1,0,0,1,0,0,0,0,0,1,11,0,0,0,0,0,0,0,0,0,0,0,0,10,17,6,6,4,1,3,0,0,8,4,4,10,2,3,4,0,7,8,6,0,0,0,0,0,1,51,20,5,42,10,12,5,7,16,38,15,19,27,13,4,22,0,14,22,22,0,11,0,1,6,0
2008-08,0,0,0,1,0,0,0,0,0,0,0,0,0,1,0,1,0,0,0,0,0,0,0,0,0,0,0,0,0,0,0,0,0,0,0,1,0,0,0,6,0,0,0,0,0,0,0,1,0,0,0,0,3,3,6,4,3,3,2,0,1,2,14,33,8,1,5,4,0,5,8,8,0,0,1,0,1,0,56,26,12,31,6,10,11,3,12,26,17,27,30,14,7,4,0,12,13,18,3,2,1,0,15,1
2008-09,0,0,0,1,0,0,0,0,0,0,0,0,2,0,0,0,0,0,0,0,0,0,0,0,0,0,0,0,1,0,0,0,0,0,0,0,0,0,0,9,0,0,0,0,0,0,0,0,0,0,0,0,5,4,3,6,3,2,0,1,0,5,12,18,6,1,5,9,0,3,12,3,0,0,5,0,0,1,41,24,12,17,8,7,9,15,1,23,33,11,19,4,1,24,0,23,20,12,0,5,0,1,5,1
2008-10,0,0,0,0,0,0,0,0,0,2,0,0,0,0,0,0,1,0,0,0,0,0,0,0,0,0,0,0,1,0,0,0,0,0,0,0,0,0,0,0,0,0,0,0,1,0,0,1,0,0,0,0,3,6,3,18,2,1,3,2,2,8,7,15,8,4,4,1,0,3,11,0,0,0,1,0,1,1,25,27,17,34,4,35,14,7,6,46,17,9,26,8,1,5,0,8,33,17,1,4,2,0,18,3
2008-11,1,0,0,0,0,0,0,0,0,0,0,0,0,0,0,0,0,0,0,0,0,0,0,0,0,0,0,0,0,0,0,0,0,0,0,0,0,0,0,0,0,0,0,0,0,0,0,0,0,0,0,0,5,7,1,13,1,0,3,7,1,11,0,17,7,4,2,2,0,0,17,8,0,1,1,0,2,1,23,22,5,44,3,27,26,8,8,33,29,9,35,9,9,15,0,19,27,20,3,5,3,0,10,2
2008-12,1,0,1,0,0,0,0,0,0,0,0,0,0,0,0,0,0,0,0,0,0,0,0,0,0,0,0,0,1,0,0,0,0,0,0,1,0,0,0,3,0,0,0,0,0,0,0,0,1,0,0,0,5,11,1,16,2,0,1,1,2,3,6,14,2,0,1,5,0,3,10,1,1,0,5,0,4,1,34,17,7,43,8,21,15,4,12,28,29,15,28,17,1,25,0,27,12,19,2,7,1,0,5,3
2009-01,0,0,0,0,0,0,0,0,0,0,0,0,0,0,0,0,0,0,0,0,0,0,0,0,0,0,1,0,0,0,0,0,1,0,0,0,0,0,3,0,0,0,0,0,0,0,0,0,0,0,0,1,9,6,4,19,10,0,0,3,0,7,3,5,10,6,1,7,0,5,9,1,0,1,3,2,1,1,29,15,16,28,8,6,19,8,14,20,16,19,52,41,2,21,0,26,20,4,2,8,1,0,5,5
2009-02,0,0,0,0,0,0,0,0,0,0,0,0,0,0,0,0,0,0,0,0,0,0,0,0,0,0,0,0,0,0,0,0,0,0,0,0,0,0,3,0,0,0,0,0,0,0,0,0,0,0,0,0,2,2,5,7,5,11,1,10,1,2,3,8,7,5,0,1,0,7,4,4,2,1,10,0,0,2,18,31,16,24,14,25,7,14,7,45,25,6,42,14,10,11,0,19,36,11,1,10,0,0,21,1
2009-03,0,0,0,0,0,0,1,0,0,0,0,0,0,0,0,0,0,0,0,0,0,0,0,0,0,0,0,0,0,0,0,0,1,0,0,0,0,0,0,0,0,0,0,0,0,0,0,0,0,0,0,4,15,6,11,9,1,7,6,7,3,6,8,14,15,7,2,19,0,3,11,2,0,0,0,0,0,1,34,21,16,36,8,16,9,9,9,33,23,8,48,12,7,11,0,10,20,17,0,11,7,0,6,4
2009-04,0,0,0,1,0,0,0,1,0,0,0,0,0,0,0,0,0,1,0,0,0,0,0,0,0,0,0,0,0,6,0,0,0,0,0,0,0,0,0,3,0,0,0,0,1,0,0,0,0,0,0,4,9,6,4,18,3,14,7,15,2,5,2,13,10,1,0,6,0,9,17,0,1,1,3,1,2,0,50,35,27,21,7,31,15,18,19,27,24,21,56,12,6,21,0,17,29,9,0,12,0,2,8,2
2009-05,9,0,0,0,0,0,0,0,0,1,0,0,0,0,0,1,0,0,0,0,0,0,0,0,0,0,1,0,0,1,0,1,0,0,0,0,0,0,0,1,0,0,0,0,0,0,0,0,0,0,0,0,30,7,4,6,2,11,23,0,5,7,1,10,1,3,3,4,0,4,13,3,0,0,2,1,4,2,40,37,27,28,12,32,13,14,19,26,11,11,38,6,5,7,1,26,36,24,0,8,0,0,14,7
2009-06,2,0,0,0,0,0,0,0,0,0,0,0,0,0,0,0,0,0,1,0,0,0,0,0,0,0,0,0,0,0,0,0,0,0,0,0,0,0,0,1,0,0,0,3,0,0,0,0,0,0,0,0,37,3,6,10,2,12,5,5,4,6,4,7,8,6,2,4,0,5,9,2,0,3,0,0,0,0,29,49,12,17,7,22,16,18,5,47,28,14,39,10,4,24,0,43,41,11,0,8,1,2,28,0
2009-07,1,0,0,0,0,0,0,0,0,0,1,0,1,0,0,0,0,0,1,0,0,0,0,0,0,0,0,0,0,0,0,0,0,0,0,0,0,0,0,1,0,0,0,0,0,0,0,0,0,0,0,0,3,2,5,4,3,6,3,0,2,6,8,5,14,5,1,19,0,6,9,4,0,5,6,0,0,0,48,31,19,24,13,17,10,1,11,29,20,21,52,26,4,17,0,34,61,34,0,16,1,0,11,0
2009-08,3,0,0,0,0,0,0,0,0,0,0,1,0,0,0,0,0,0,0,0,0,0,0,0,0,0,0,0,1,0,0,1,0,0,0,0,0,0,3,2,0,0,0,1,1,0,0,0,0,0,0,1,5,5,3,4,6,16,3,1,1,0,2,13,6,0,2,8,0,3,12,7,0,4,2,0,0,2,26,26,18,44,14,41,16,8,16,43,23,13,44,9,2,34,0,9,27,25,0,8,1,0,4,4
2009-09,0,0,0,0,0,0,0,0,0,0,0,1,0,0,0,0,0,0,1,0,0,0,0,0,0,0,1,0,0,0,1,0,0,0,0,0,0,0,0,5,0,0,0,1,0,0,0,0,0,0,0,2,2,2,4,11,2,10,16,0,1,2,10,5,5,3,1,4,0,2,13,3,0,1,6,0,1,1,30,22,13,22,6,20,14,10,15,22,13,21,35,15,0,10,0,28,34,28,1,16,0,0,1,1
2009-10,0,0,0,0,0,0,0,0,0,1,0,1,0,0,0,0,0,0,0,0,0,0,0,0,0,0,2,0,0,0,0,0,0,0,0,0,1,0,0,1,0,1,0,0,0,0,0,0,0,0,0,4,4,8,2,18,3,14,2,0,1,16,8,4,23,9,3,3,0,2,26,15,0,6,1,0,3,1,27,37,16,28,8,21,14,14,11,33,28,6,60,16,5,12,1,22,34,15,0,40,1,0,6,3
2009-11,0,0,0,0,0,0,0,0,0,0,0,1,0,0,0,0,0,0,0,0,0,0,0,0,0,0,0,0,0,0,0,0,0,0,1,0,0,0,0,4,0,2,0,0,0,0,0,0,0,0,0,1,20,7,5,14,6,11,9,1,3,8,7,2,11,8,8,6,0,5,6,14,1,4,2,0,1,1,45,46,10,34,8,27,30,12,25,17,13,17,53,23,3,44,0,26,45,35,2,21,1,1,3,6
2009-12,0,0,0,1,0,0,0,0,0,0,0,0,1,0,0,0,0,0,0,0,0,0,0,0,0,0,0,0,0,0,0,0,0,0,0,0,0,0,0,0,0,0,0,1,0,0,0,0,0,0,0,0,16,6,8,16,3,1,1,9,1,16,3,7,4,5,0,5,0,24,8,4,0,3,0,0,0,0,23,38,11,28,6,10,25,18,11,36,21,11,38,11,1,22,0,15,32,19,3,15,1,2,9,3
2010-01,1,0,0,0,0,0,0,0,0,0,0,2,3,0,0,0,0,0,0,0,0,0,0,0,0,0,0,0,0,0,0,0,0,0,0,0,0,0,0,0,0,2,0,0,0,0,0,0,0,0,0,1,7,10,3,24,3,6,3,8,3,14,4,13,14,1,6,8,0,3,5,2,0,2,0,0,0,2,56,32,8,26,7,23,29,16,8,33,18,10,29,17,1,28,0,30,21,16,4,3,1,1,10,1
2010-02,0,0,0,0,0,0,0,0,0,0,0,2,6,0,0,0,0,0,0,0,0,0,0,0,0,0,0,0,0,1,0,0,0,0,0,0,0,0,0,0,0,0,0,0,0,0,0,0,0,0,0,0,6,11,10,6,7,7,1,3,3,1,4,3,14,1,5,4,0,13,6,10,0,1,0,0,0,2,26,24,22,32,11,10,20,7,7,30,21,15,52,12,6,19,0,26,25,19,2,11,0,4,14,1
2010-03,0,1,0,0,0,0,0,0,1,0,0,1,0,0,0,0,0,0,0,0,0,0,0,0,0,0,0,0,0,0,0,0,2,0,0,0,1,0,0,0,0,1,0,2,0,0,0,0,0,0,0,2,10,11,1,13,5,18,2,8,1,7,11,6,27,5,1,13,0,7,8,16,0,0,2,0,0,3,25,31,18,40,8,15,19,9,10,67,18,23,105,26,3,27,0,18,39,12,1,5,6,2,10,9
2010-04,2,0,0,1,0,1,0,0,0,0,0,2,0,0,0,0,0,0,0,0,0,1,0,0,0,0,3,0,0,2,0,0,0,0,0,0,0,0,0,0,0,2,0,0,1,0,0,0,0,0,0,6,9,7,1,8,4,0,17,2,0,20,7,7,27,4,4,23,0,11,7,8,0,0,4,0,0,1,44,27,19,38,2,11,9,9,4,48,15,9,56,25,4,20,2,36,48,25,1,3,2,8,7,2
2010-05,0,1,0,0,0,0,0,0,0,0,0,2,0,0,0,0,0,0,0,0,0,0,0,0,0,0,0,0,0,0,0,0,0,0,0,0,0,0,1,0,0,3,0,0,0,0,0,0,0,0,0,4,37,7,5,32,1,35,2,1,0,20,3,4,10,2,1,12,0,16,8,10,0,3,3,3,1,1,34,29,13,37,8,15,11,13,8,48,7,16,67,14,0,16,1,15,17,25,0,12,0,2,7,4
2010-06,0,0,0,0,0,0,0,0,0,0,0,0,0,0,0,0,0,2,0,0,0,0,0,0,0,0,0,0,0,0,0,0,0,0,1,0,0,0,0,0,0,0,0,0,0,0,0,0,0,0,0,0,16,4,4,13,6,31,11,0,0,6,11,0,33,9,0,9,1,19,14,6,6,0,1,5,1,8,34,17,15,43,7,11,11,6,2,34,10,16,36,27,5,10,0,11,38,20,2,7,1,3,3,7
2010-07,1,0,0,0,0,0,0,0,0,0,0,3,1,0,0,0,0,0,0,0,0,0,0,0,0,0,0,0,0,0,0,0,0,0,0,0,1,0,0,0,0,0,0,0,0,0,0,0,0,0,0,14,17,9,2,22,5,14,9,0,3,10,6,6,20,4,1,8,0,15,7,2,3,0,0,5,2,3,63,21,20,32,18,5,18,7,7,21,9,18,39,20,8,28,0,32,41,10,0,4,2,1,4,11
2010-08,0,1,0,1,0,0,0,0,0,0,0,0,0,0,0,0,0,0,0,0,0,0,0,0,0,0,0,0,0,0,0,0,1,0,0,0,0,0,0,0,0,0,0,0,0,0,0,0,0,0,0,7,16,4,7,21,14,15,3,6,2,16,14,8,20,7,2,13,0,12,10,1,0,1,1,3,0,2,19,25,36,30,18,4,5,6,14,26,26,10,19,13,3,19,0,31,25,12,11,8,7,3,2,11
2010-09,2,0,0,1,0,0,0,0,0,2,0,0,0,0,0,2,0,0,0,0,0,0,0,0,0,0,0,0,0,0,0,0,0,0,0,0,1,0,0,0,0,0,0,0,0,0,0,0,0,0,0,4,18,13,6,12,10,20,9,9,11,4,10,2,26,3,2,7,0,11,19,3,0,1,3,5,1,2,29,21,9,26,11,29,23,1,16,32,11,23,25,5,8,27,0,17,40,17,0,4,2,4,7,2
2010-10,1,0,0,0,0,0,0,0,0,0,0,0,0,0,0,0,0,0,0,0,0,0,0,0,0,0,0,0,0,0,0,0,0,0,0,0,0,0,0,1,0,0,0,0,0,0,0,0,0,0,0,8,26,8,4,18,2,19,2,19,3,12,5,1,15,1,5,11,0,15,24,11,0,1,0,12,0,4,36,13,37,21,13,3,32,12,8,30,33,13,35,11,4,18,0,6,39,22,0,3,3,10,3,18
2010-11,2,0,0,0,0,0,0,0,0,1,0,0,1,0,0,0,0,0,0,0,0,0,0,0,0,0,1,0,0,0,0,0,0,0,0,0,0,0,0,0,0,0,0,0,0,0,0,0,0,0,0,7,13,4,3,18,10,12,43,8,10,24,3,5,64,5,3,11,1,16,11,5,2,0,8,11,1,0,42,10,9,24,6,10,10,3,11,23,38,27,42,18,4,30,0,9,45,5,0,3,1,10,3,6
2010-12,0,0,0,0,0,1,0,0,0,0,0,0,0,0,0,0,0,0,0,0,0,0,0,0,0,0,1,0,0,0,0,0,0,0,0,0,2,0,0,0,0,0,0,0,0,0,0,0,0,0,0,0,22,6,10,16,7,10,10,6,6,15,3,8,29,17,2,8,0,30,12,4,0,2,2,3,2,2,84,25,38,35,9,14,16,14,4,41,25,12,51,23,5,15,0,27,29,53,0,1,2,6,12,5
2011-01,0,0,2,0,0,1,0,0,0,0,0,2,0,0,0,1,0,0,0,0,0,0,13,0,0,0,0,0,0,0,0,0,0,0,0,0,0,1,0,0,0,3,0,0,0,0,0,0,0,0,0,1,23,12,1,43,7,5,13,5,10,17,13,4,44,11,6,17,1,12,20,6,1,1,39,1,2,2,59,19,28,28,11,9,18,6,10,21,17,26,44,39,5,27,0,26,34,26,0,1,4,5,8,6
2011-02,0,0,0,0,0,0,0,0,0,0,0,0,0,0,0,0,0,0,0,0,0,0,9,0,0,0,1,0,0,0,0,0,0,0,0,0,0,0,0,0,2,2,0,0,0,0,0,0,0,0,0,2,31,12,6,27,10,18,6,3,5,23,8,8,28,19,4,19,0,18,21,2,35,0,44,6,1,4,47,21,19,34,9,13,19,4,15,20,26,26,52,24,2,11,0,27,36,27,0,9,0,4,16,6
2011-03,0,0,0,0,0,0,0,0,1,0,0,0,0,0,0,0,0,0,0,0,0,0,0,0,0,0,1,0,0,0,0,1,0,0,0,4,0,3,0,0,0,0,0,0,0,1,0,0,0,0,0,2,22,16,10,25,3,5,22,6,5,23,3,11,45,10,7,11,0,17,19,4,10,0,12,5,0,4,77,26,9,24,12,11,15,11,18,32,14,30,46,11,3,19,0,15,28,17,3,12,2,4,1,9
2011-04,0,2,0,0,0,0,0,0,0,0,0,0,0,0,0,0,0,0,0,0,0,0,1,0,0,0,0,0,1,0,0,0,0,0,0,0,0,0,0,0,1,0,0,0,0,0,0,0,0,0,0,12,26,13,7,21,1,3,8,15,2,17,3,8,60,2,2,26,0,23,16,2,2,1,6,0,0,1,36,25,10,23,4,8,5,13,8,19,21,26,38,11,8,14,0,16,23,5,2,4,2,6,2,11
2011-05,0,0,0,25,0,2,0,0,0,0,0,0,0,0,0,0,0,0,0,0,0,0,0,0,0,0,0,0,0,2,0,0,0,0,0,0,0,0,0,0,2,0,0,0,3,0,0,0,0,0,0,4,20,25,12,32,4,6,9,27,1,16,1,1,50,5,4,12,0,13,14,8,1,1,4,4,2,2,64,22,26,19,11,9,13,11,13,23,31,26,34,16,2,21,0,20,34,12,2,3,3,8,0,9
2011-06,0,0,0,1,0,0,0,0,0,0,0,0,1,0,0,0,0,0,0,0,0,0,0,0,0,0,1,0,0,0,0,0,0,0,0,0,0,0,0,0,1,0,0,0,0,0,0,0,0,0,0,3,15,15,17,31,12,1,2,12,10,35,10,7,43,2,1,14,0,8,18,22,2,3,4,2,8,1,44,13,25,23,2,3,16,8,22,16,30,15,30,7,10,28,0,21,46,13,4,5,3,2,3,8
2011-07,1,0,0,0,0,0,0,0,0,1,0,0,0,0,0,0,0,1,0,0,0,0,1,0,0,0,0,0,0,0,0,0,0,0,0,0,0,0,1,0,0,1,0,1,0,0,0,0,0,0,0,12,20,25,4,15,2,10,13,9,2,20,3,8,29,2,1,8,0,27,10,14,2,8,3,3,5,3,59,23,10,21,5,17,13,3,18,26,9,23,52,2,5,13,0,16,62,29,0,8,1,7,3,4
2011-08,0,0,0,0,0,0,0,0,0,0,0,0,0,0,0,0,0,0,0,0,0,0,0,0,0,0,0,0,0,0,0,0,0,0,0,0,0,0,0,0,0,0,0,0,0,0,0,0,0,0,0,2,10,32,4,20,2,4,11,22,4,17,3,9,59,1,3,15,0,7,28,6,0,4,4,6,3,3,33,24,10,13,6,19,22,6,31,17,14,24,27,7,9,8,0,15,50,17,4,25,1,11,5,0
2011-09,0,0,0,0,0,1,0,0,0,0,0,0,0,0,0,0,0,0,0,0,0,0,0,0,0,0,0,0,0,0,0,0,0,0,0,0,0,0,0,0,0,0,0,0,0,0,0,0,0,0,0,6,9,5,2,8,1,1,3,11,10,27,7,4,27,1,9,11,0,32,6,5,0,3,3,3,3,6,19,12,22,9,12,5,10,24,10,20,12,22,33,12,5,9,0,18,21,19,2,0,1,10,4,19
2011-10,0,0,0,11,0,0,0,0,0,0,0,0,0,0,0,0,0,0,0,0,0,0,1,0,0,1,1,0,0,3,0,0,0,0,0,1,0,0,0,0,0,0,0,0,1,2,0,0,0,0,0,7,12,34,7,43,2,5,18,7,13,14,11,17,27,9,6,11,0,32,16,19,4,0,7,6,1,1,43,24,11,14,1,10,34,25,24,21,24,33,30,10,1,41,0,26,52,36,0,3,6,16,13,10
2011-11,1,0,0,0,0,0,0,0,0,0,0,0,0,0,0,0,0,0,0,0,0,0,0,0,0,0,2,0,0,0,0,0,1,0,0,0,0,0,0,0,0,0,0,0,2,0,0,0,0,0,0,4,31,15,10,17,6,5,24,6,7,18,2,8,18,5,4,10,0,25,16,13,4,2,4,5,9,4,39,49,14,38,3,5,15,26,12,63,17,26,34,23,3,33,0,28,32,27,0,7,5,9,7,4
2011-12,0,0,0,0,0,0,0,0,1,0,0,0,0,0,0,0,0,0,0,0,0,0,0,1,0,0,2,0,0,0,0,0,0,0,0,0,0,0,1,0,0,1,0,0,0,0,0,0,0,0,0,0,24,12,12,13,1,21,22,4,14,10,11,4,37,3,5,26,1,16,9,9,3,6,5,2,1,2,20,18,22,30,6,6,29,11,11,50,31,32,46,16,1,32,0,20,38,34,1,8,1,11,19,0
2012-01,0,0,0,0,1,0,0,0,1,0,1,0,0,0,0,0,0,0,0,0,0,0,0,0,0,0,2,0,0,0,0,0,0,0,0,0,1,0,1,1,0,0,0,0,1,0,0,0,0,0,0,0,27,8,11,23,1,6,5,2,17,20,11,10,32,5,4,25,0,29,16,7,6,11,1,1,7,8,58,17,29,29,1,6,15,14,7,42,23,16,34,13,8,26,0,22,49,23,1,2,12,8,6,1
2012-02,0,0,0,1,0,0,0,0,0,0,1,0,1,0,0,4,0,0,0,0,0,0,0,0,0,0,0,0,0,0,0,0,0,0,0,0,0,0,0,0,0,2,0,0,1,0,0,0,0,0,0,15,39,13,7,27,2,12,25,5,10,24,9,6,15,10,3,11,0,24,10,10,1,4,1,1,6,4,40,28,21,20,4,8,30,8,9,50,19,32,41,12,6,28,0,20,36,25,6,5,2,6,8,21
2012-03,0,0,0,0,0,0,0,0,0,0,0,0,0,0,0,0,0,0,0,0,0,0,0,0,0,0,0,0,0,0,0,0,0,0,2,0,0,0,0,0,0,0,0,0,0,0,0,0,0,0,0,6,39,9,12,31,5,7,10,4,11,33,27,0,27,3,4,15,0,9,13,10,4,5,6,4,2,1,36,24,28,20,7,8,13,16,10,45,18,1,33,7,0,18,0,22,37,26,7,3,5,9,9,9
2012-04,0,0,0,13,0,0,0,0,0,0,0,0,1,0,0,0,0,0,0,1,0,0,0,0,0,0,0,0,0,0,0,0,0,0,0,0,0,0,0,2,0,0,0,0,0,0,0,0,0,0,0,1,19,7,9,27,2,1,11,11,13,40,20,9,47,5,3,16,0,20,21,7,2,6,10,9,0,2,30,21,54,14,3,6,13,8,7,14,12,22,29,6,1,24,1,19,33,18,3,2,5,10,7,3
2012-05,0,0,0,0,0,0,0,0,0,0,0,0,0,0,0,0,0,0,0,1,0,0,3,0,0,0,0,0,0,0,0,0,0,0,0,0,0,0,0,0,0,0,0,0,0,0,0,0,1,0,0,0,16,15,16,36,5,7,6,11,7,35,19,4,25,10,0,6,0,21,16,9,14,5,16,1,8,6,53,23,29,24,10,8,7,7,2,27,20,28,49,14,1,26,0,20,27,21,3,10,6,7,8,1
2012-06,0,0,0,0,0,0,0,0,0,0,0,0,0,0,0,0,0,0,0,1,0,0,0,0,0,0,0,0,0,1,0,0,0,0,0,5,0,0,0,0,0,0,0,0,0,0,0,0,0,0,0,1,22,23,10,45,5,7,1,5,15,35,21,8,36,6,5,10,0,35,30,10,8,2,7,0,9,1,37,44,45,29,6,5,10,8,8,27,35,26,52,6,7,16,0,15,31,53,1,5,1,7,13,3
2012-07,0,0,0,0,0,0,0,0,0,1,0,0,0,0,0,0,0,0,0,0,0,0,0,0,0,0,0,0,0,0,0,0,0,0,0,0,1,0,0,0,0,0,0,0,1,0,0,0,0,0,0,2,19,33,14,22,2,4,10,8,11,26,17,3,41,2,6,15,0,14,22,17,7,1,11,1,4,3,31,30,16,14,9,5,9,20,6,23,30,10,57,2,7,11,0,13,23,36,0,4,1,6,1,1
2012-08,0,0,0,0,0,0,1,0,0,0,0,0,0,0,0,0,0,0,0,0,0,0,0,0,0,0,0,0,0,0,0,0,0,0,0,0,0,0,0,0,0,0,0,0,2,0,0,0,0,0,0,1,12,24,8,22,2,6,4,3,7,32,11,7,25,7,0,24,0,13,19,22,1,3,7,1,6,0,37,25,22,23,9,4,12,4,2,19,30,22,29,10,3,18,0,27,62,35,2,4,1,1,4,2
2012-09,1,0,0,1,0,0,0,0,0,0,2,0,0,0,0,0,0,0,0,0,0,0,0,0,0,0,0,1,0,0,0,0,3,0,0,0,0,1,0,0,0,0,0,0,0,0,0,0,0,0,0,1,26,18,15,30,6,0,13,3,5,38,11,11,30,0,7,18,0,14,15,14,1,3,7,2,5,3,49,33,9,12,12,11,13,4,3,25,31,16,23,20,8,9,0,17,38,37,0,13,1,0,5,4
2012-10,1,0,0,0,0,0,0,0,0,0,0,0,0,0,0,0,0,0,0,1,0,0,0,0,0,0,0,0,0,0,0,0,0,0,0,0,0,0,0,1,0,0,0,0,2,0,0,0,0,0,0,1,64,39,15,32,5,9,13,18,4,43,12,1,13,6,0,10,0,17,9,17,2,4,1,0,6,8,77,39,11,16,9,8,30,26,9,34,24,17,62,29,7,7,0,25,41,45,2,9,1,8,25,2
2012-11,0,0,0,1,0,0,1,1,0,0,0,0,0,0,0,0,0,0,0,0,0,0,1,0,0,0,0,0,0,0,0,0,0,0,0,0,0,0,0,0,0,0,0,0,2,0,0,0,0,0,0,3,28,34,7,27,6,12,40,6,4,10,21,0,74,4,2,14,0,14,26,38,1,1,4,3,10,2,37,27,5,5,2,9,13,15,15,14,24,11,33,22,3,41,0,18,47,47,4,1,0,8,18,1
2012-12,0,0,0,2,0,0,0,0,0,0,0,1,0,0,0,1,0,0,0,0,0,0,0,0,0,0,0,0,0,0,0,0,0,0,0,0,0,0,0,1,0,0,0,0,0,0,0,0,0,0,0,0,41,35,13,50,1,7,15,7,4,17,11,9,42,5,2,20,0,28,31,21,5,2,3,4,5,3,20,29,18,10,6,8,7,4,5,34,24,16,44,19,7,21,0,10,44,35,1,12,3,5,5,0
2013-01,1,0,0,0,0,0,0,0,0,0,0,0,2,0,0,0,0,1,0,0,0,0,0,0,0,0,0,0,0,0,0,0,0,0,0,0,0,0,0,1,0,0,0,0,0,0,0,0,0,0,0,0,60,27,18,39,4,8,11,17,7,19,6,6,60,5,2,9,0,24,31,15,18,1,4,6,4,3,23,19,25,20,7,4,24,16,7,16,19,19,55,23,2,34,0,15,74,58,11,1,4,5,13,6
2013-02,0,1,0,0,0,0,0,0,0,0,0,0,2,0,0,0,0,1,0,0,0,0,0,0,0,0,0,0,0,0,0,0,0,0,0,0,1,0,1,0,0,0,0,0,0,1,0,0,0,0,0,0,17,38,13,34,2,5,7,26,8,8,32,13,39,22,7,26,0,14,24,22,4,4,5,8,13,5,25,28,19,26,7,12,22,17,6,26,41,17,45,24,5,14,0,9,47,34,1,1,5,2,21,3
2013-03,0,0,0,0,0,0,0,0,0,0,0,0,0,0,0,0,0,0,0,0,0,0,0,0,0,0,3,0,0,0,0,0,0,0,0,0,0,0,0,0,0,0,0,0,0,0,0,0,0,0,0,1,25,25,25,46,4,4,12,11,5,15,45,16,46,13,7,56,0,45,32,40,5,9,2,5,6,3,51,19,6,15,5,3,17,11,6,12,26,24,63,16,14,10,0,11,42,42,4,5,2,1,17,7
2013-04,0,0,0,0,0,0,0,0,0,0,0,0,0,0,0,0,0,0,0,0,0,0,0,0,0,0,0,0,0,0,0,0,0,0,0,0,0,0,0,1,0,0,0,0,0,0,0,0,0,0,0,0,38,32,28,38,1,2,9,24,2,13,35,11,57,8,4,37,0,16,34,54,5,8,1,12,9,1,45,28,14,29,2,4,30,12,7,24,15,36,55,11,4,29,0,24,49,30,4,2,11,1,12,0
2013-05,0,0,0,0,0,0,0,0,0,0,0,0,1,0,0,0,0,0,0,0,0,0,0,0,0,0,0,0,0,0,0,0,0,0,0,0,2,0,0,0,0,0,0,0,0,0,0,0,0,0,0,0,23,37,36,21,2,5,3,32,8,5,40,17,69,7,8,25,0,12,31,57,0,1,10,9,15,5,56,12,17,32,4,4,38,12,14,24,16,36,21,21,11,30,1,13,62,44,4,4,9,1,19,0
2013-06,0,0,0,0,0,0,0,0,0,0,0,0,0,0,0,0,0,0,0,0,0,0,0,0,0,0,0,0,0,0,0,0,0,0,1,0,4,0,0,1,1,0,0,0,2,0,0,0,2,0,0,0,41,77,26,43,14,6,16,31,3,6,60,3,61,10,4,18,0,21,46,37,1,1,5,5,19,1,39,34,8,11,5,6,12,10,6,15,19,20,39,38,7,11,0,23,56,36,4,7,2,1,6,2
2013-07,0,0,0,0,0,0,0,0,0,0,0,0,1,0,0,0,0,0,0,0,0,0,0,0,0,0,2,0,0,0,0,0,0,0,0,0,0,0,0,1,0,2,0,0,0,0,0,0,0,0,0,2,23,31,20,52,1,4,11,10,2,15,32,4,68,4,1,8,0,34,49,39,1,6,5,4,14,0,24,26,8,20,1,4,13,8,3,15,25,17,33,11,6,27,0,9,42,52,0,10,1,3,4,3
2013-08,0,0,0,0,0,0,0,2,0,0,0,0,0,0,0,0,0,0,3,0,0,0,0,0,0,0,2,0,0,0,0,0,0,0,0,0,1,0,0,0,0,0,0,0,1,0,0,0,0,0,0,6,25,23,22,47,1,12,15,4,11,17,29,12,58,4,9,10,0,46,54,29,2,22,2,1,16,8,29,20,10,30,4,2,2,11,11,28,16,12,26,17,4,30,0,26,41,41,3,12,3,1,12,3
2013-09,1,0,0,1,1,0,0,0,0,0,0,0,0,0,0,0,0,1,1,0,0,0,0,0,0,0,1,0,0,0,0,0,0,0,1,0,0,0,0,0,0,0,0,1,0,1,0,0,0,0,0,4,29,30,12,42,3,11,19,12,3,17,34,15,49,5,5,9,0,44,98,34,1,27,9,0,21,1,16,19,8,26,5,12,20,14,6,25,20,16,35,27,1,19,0,46,55,68,3,10,7,4,15,8
2013-10,0,0,0,0,0,0,0,0,0,0,0,0,0,0,0,0,0,0,0,1,0,0,0,0,0,0,1,0,0,0,0,0,0,0,0,0,0,0,1,0,0,0,0,0,0,1,0,0,0,0,0,0,17,29,24,28,1,14,6,14,10,18,34,21,30,4,6,18,0,74,75,29,1,4,8,4,19,4,36,25,11,17,4,8,16,10,11,39,18,20,45,25,4,25,0,43,29,23,0,5,5,1,10,4
2013-11,0,0,0,0,0,0,0,0,0,0,0,0,0,0,0,0,0,1,0,1,0,0,0,0,0,0,2,0,0,0,0,0,0,0,1,0,0,0,3,0,0,0,0,0,0,0,0,0,0,0,0,0,30,31,19,23,5,4,10,15,8,26,23,8,31,1,6,23,0,30,37,28,4,10,7,0,19,10,18,15,14,23,1,9,27,11,7,20,26,27,31,16,4,35,0,38,62,29,1,5,2,3,5,16
2013-12,0,0,2,0,0,0,0,0,0,0,0,0,0,0,0,0,0,0,0,0,0,0,0,0,0,0,7,0,0,0,0,0,0,0,1,0,0,0,1,0,0,0,0,0,0,0,0,0,0,0,0,0,17,14,13,40,4,2,11,10,4,25,26,4,39,0,7,17,1,28,43,10,0,14,7,9,15,12,17,21,10,14,8,4,10,26,10,43,12,15,32,18,17,13,0,24,14,11,2,16,1,4,4,16
2014-01,0,0,0,0,0,0,0,0,0,0,0,0,0,0,1,0,0,0,0,0,0,0,0,0,0,0,2,0,0,0,0,0,0,0,0,0,0,0,2,1,0,0,0,0,0,0,0,0,0,0,0,0,24,16,29,47,2,15,14,20,6,23,34,1,17,2,8,27,0,16,55,19,0,29,8,9,12,10,18,23,10,21,3,7,23,21,11,35,8,36,66,4,16,30,0,19,63,30,1,12,6,1,2,2
2014-02,0,0,0,0,0,0,0,0,1,0,0,0,0,0,0,0,0,0,0,0,0,0,0,0,0,0,0,0,0,1,0,0,0,0,0,0,1,0,1,0,0,0,0,0,0,2,0,0,0,0,0,1,20,30,23,47,2,14,5,13,14,20,44,2,49,5,7,33,0,16,19,55,0,7,10,8,6,6,23,28,3,16,6,10,13,18,12,12,14,15,44,13,8,19,0,19,27,20,0,2,4,4,1,5
2014-03,0,0,0,1,0,4,2,0,0,0,0,0,0,0,0,0,0,0,0,0,0,0,0,0,0,0,3,0,0,0,0,0,1,0,0,0,1,0,1,0,0,0,0,0,0,0,0,0,0,0,0,2,19,20,17,42,4,16,17,27,9,21,10,7,35,26,5,33,0,22,64,49,0,13,5,8,14,1,16,40,20,23,8,14,13,41,6,23,7,18,45,19,7,8,0,28,29,36,1,0,3,3,3,6
2014-04,0,0,0,0,0,0,0,0,0,0,0,0,0,0,0,0,0,0,0,0,0,0,0,0,0,0,1,0,0,0,0,0,0,0,0,0,0,0,0,0,0,0,0,0,0,3,0,0,0,0,0,0,51,27,4,30,5,10,16,19,36,12,11,2,47,15,14,30,0,23,33,39,0,14,0,0,10,3,47,32,15,16,7,10,22,21,13,27,21,16,42,7,2,12,0,33,24,37,3,3,3,1,17,5
2014-05,0,0,0,0,0,0,1,0,0,0,0,0,0,0,0,0,0,0,0,0,0,0,0,0,0,0,0,0,0,0,0,0,0,0,0,0,1,0,3,7,0,0,0,0,0,1,0,0,0,0,0,1,31,39,25,31,2,5,14,17,5,28,33,8,53,11,13,16,0,21,44,22,0,2,2,0,10,2,22,21,15,10,6,8,7,21,8,34,21,18,42,10,14,6,1,42,60,15,0,8,9,0,9,11
2014-06,0,0,0,0,0,0,0,0,0,0,0,0,0,0,0,0,0,0,0,0,0,0,0,0,0,0,0,0,0,0,0,0,0,0,0,0,0,0,1,0,0,0,0,0,0,0,0,0,0,0,0,0,25,31,18,19,4,13,12,13,13,17,17,9,50,11,8,35,1,19,32,47,3,21,2,2,16,4,85,15,8,26,2,1,3,19,11,14,13,13,22,12,3,14,0,24,26,15,0,4,10,6,16,11
2014-07,0,0,0,0,0,0,0,0,0,0,0,0,0,0,0,1,0,0,0,0,0,0,0,0,0,0,0,0,0,0,0,0,0,0,0,0,0,0,0,0,0,0,0,0,1,0,0,0,0,0,0,0,26,25,33,35,4,17,14,10,18,17,20,11,47,8,7,27,1,16,27,39,0,18,2,1,8,5,39,21,13,22,5,6,8,10,7,15,13,14,45,2,9,5,0,27,35,18,0,4,4,0,8,0
2014-08,0,0,0,0,0,0,0,0,1,0,0,0,0,0,0,1,0,0,0,0,0,0,0,0,0,0,0,0,0,0,0,0,0,0,0,0,0,0,0,0,0,0,0,0,0,0,0,0,0,0,0,2,31,25,39,38,7,6,17,47,166,35,62,17,49,21,16,27,1,23,32,56,0,7,1,1,12,5,31,16,11,12,6,5,22,11,20,31,9,52,50,8,20,6,0,36,57,119,0,3,13,0,20,5
2014-09,0,0,0,1,0,0,1,0,1,0,0,0,0,0,0,0,0,0,1,1,0,0,0,0,0,0,0,0,0,0,0,0,0,0,0,0,0,0,4,0,0,0,0,0,0,25,0,0,0,0,0,0,28,22,24,30,1,6,10,26,89,39,40,16,50,9,9,17,1,19,51,25,3,16,6,9,5,4,48,34,20,19,0,5,12,4,5,15,8,26,36,7,6,12,0,24,26,166,0,14,4,3,7,3
2014-10,0,0,0,0,0,0,0,0,0,4,0,0,0,1,0,0,0,0,10,0,0,0,0,0,0,0,0,0,0,0,0,0,0,0,0,0,0,0,0,0,0,0,0,0,0,1,0,0,0,0,0,0,41,44,29,35,8,18,16,24,17,36,60,10,52,17,5,17,0,36,33,27,4,25,4,2,5,9,59,42,5,14,4,4,3,10,3,29,5,26,50,32,4,12,0,16,44,27,3,6,1,3,9,1
2014-11,0,0,0,0,0,0,0,0,2,0,0,0,0,0,0,0,0,0,0,0,0,0,0,0,1,0,4,0,0,0,0,0,0,0,0,0,0,0,0,0,0,0,0,0,0,0,0,0,0,0,0,0,28,43,18,33,16,8,13,24,29,24,34,8,64,10,6,18,0,20,31,14,0,5,5,3,13,8,44,14,16,16,7,7,10,3,1,5,17,22,35,10,2,10,0,20,68,16,0,4,3,4,3,16
2014-12,0,0,0,0,0,0,0,0,0,0,0,0,0,0,0,0,0,1,0,0,0,0,0,0,0,0,0,0,0,0,0,0,0,0,0,0,0,0,0,0,0,0,0,0,0,0,0,0,0,0,0,0,45,28,25,27,2,3,9,16,35,27,44,5,103,7,6,49,0,37,37,32,1,17,4,9,10,14,86,16,20,29,9,1,12,12,9,24,12,8,26,8,5,24,0,38,72,22,0,12,3,1,10,14
2015-01,0,0,0,0,1,0,0,0,1,0,0,0,0,0,0,1,0,0,0,0,0,0,0,0,0,0,0,0,0,0,0,0,1,0,0,2,0,0,0,0,0,0,0,0,0,0,0,0,0,0,0,2,38,43,52,62,7,6,38,12,56,38,53,7,143,5,12,34,1,31,65,16,0,5,5,4,12,10,44,28,31,22,2,12,28,15,15,29,11,8,81,10,17,8,0,34,77,50,0,4,4,1,16,10
2015-02,0,0,0,0,0,0,0,0,0,0,1,0,0,0,0,0,0,0,0,0,0,0,0,0,0,0,0,5,0,0,0,0,0,0,0,2,0,0,0,0,0,0,0,0,0,0,0,0,0,0,0,0,35,44,23,29,3,16,28,23,19,35,52,7,106,11,19,23,1,25,44,11,0,13,5,0,5,10,21,16,18,24,4,5,13,11,6,11,13,8,52,5,5,15,0,13,56,63,1,9,9,10,7,4
2015-03,0,0,0,0,0,0,0,0,0,0,0,0,0,0,0,0,0,1,0,0,0,0,0,0,0,0,0,0,0,0,0,0,2,0,0,1,0,0,0,1,0,0,0,0,0,0,0,0,0,0,0,9,39,41,26,60,6,7,33,14,20,56,14,0,75,9,12,23,0,28,55,21,4,23,0,3,6,26,29,24,13,28,4,2,11,24,15,28,15,12,30,11,14,23,0,19,62,20,2,16,4,1,3,6
2015-04,0,0,0,0,0,0,0,0,0,0,0,0,0,0,0,0,0,0,0,0,0,0,0,0,0,0,0,0,0,0,4,0,0,0,0,0,0,0,0,0,0,0,0,0,0,0,0,0,0,0,0,0,27,26,18,35,4,8,33,18,3,64,24,2,71,4,6,32,0,37,31,20,0,17,5,8,4,28,64,14,28,56,11,10,10,15,5,12,15,15,32,15,7,19,0,14,33,9,0,11,5,0,4,1
2015-05,0,0,0,0,0,0,0,0,0,0,1,0,0,0,0,0,0,0,0,0,0,0,0,0,0,1,0,0,0,0,0,0,1,0,0,1,0,0,0,0,0,0,0,0,0,0,0,0,0,0,0,0,40,13,19,28,7,5,16,22,9,56,25,3,65,1,4,14,0,17,23,14,0,11,5,4,6,4,22,12,7,33,3,1,14,20,23,12,12,11,48,4,4,23,1,14,47,15,0,8,2,4,4,1
2015-06,1,2,1,0,0,0,0,0,2,1,0,0,0,0,0,0,0,0,0,0,0,0,0,0,0,0,0,0,0,0,0,0,0,0,0,0,0,0,0,0,0,0,0,0,0,0,0,0,0,0,0,0,47,20,32,31,19,3,18,22,61,49,47,2,56,3,6,21,0,21,23,12,0,13,6,1,7,5,26,20,10,18,5,11,6,8,6,20,14,28,29,10,2,20,0,21,30,12,1,3,3,4,5,4
2015-07,0,2,0,0,0,0,0,1,0,0,0,0,0,0,0,1,0,0,0,0,0,0,0,0,0,0,0,0,0,0,0,0,0,0,0,0,0,0,0,0,0,0,0,1,0,0,0,0,0,0,0,0,58,14,18,27,10,9,19,16,8,18,20,4,63,6,6,40,1,27,40,34,0,6,6,5,1,12,28,12,7,13,4,1,3,19,12,14,10,18,27,7,1,20,0,17,12,16,0,6,9,0,3,5
2015-08,0,0,0,0,0,0,0,1,0,0,0,0,0,0,0,0,0,0,0,0,0,0,0,0,0,0,0,0,0,0,0,0,0,0,0,0,0,0,0,0,0,0,0,0,0,0,0,0,0,0,0,0,40,31,13,28,18,1,15,11,11,39,22,10,44,3,4,38,0,11,18,21,3,1,0,1,2,9,18,14,0,11,4,0,3,6,29,32,6,15,28,8,1,19,0,9,48,14,0,4,0,2,4,9
2015-09,0,1,0,0,0,0,0,0,0,0,1,0,1,0,0,1,0,0,0,0,0,0,0,0,0,0,0,0,0,0,0,3,0,0,0,0,0,0,0,0,0,0,0,0,0,0,0,0,0,0,0,0,54,20,17,25,13,3,9,11,14,37,23,6,49,12,3,101,0,15,28,11,1,7,2,1,5,26,16,21,4,40,2,4,5,17,10,13,14,13,28,11,4,19,0,13,84,10,0,9,4,1,3,6
2015-10,0,0,0,0,0,0,0,0,0,1,0,0,3,0,0,1,0,0,1,0,0,0,0,0,0,0,0,0,0,0,0,0,1,0,0,0,0,0,0,0,1,0,0,0,0,0,0,0,0,0,0,0,36,17,34,32,10,10,15,15,7,30,35,2,43,27,8,20,0,17,22,18,4,36,1,2,3,19,25,8,14,13,5,4,5,8,8,5,14,11,50,19,5,5,0,16,103,12,2,2,0,3,2,3
2015-11,0,0,0,0,0,0,0,0,0,0,0,0,0,0,0,0,0,0,0,0,0,0,0,0,0,1,0,0,0,0,0,0,0,1,0,0,0,0,0,0,0,0,0,0,0,0,0,0,0,0,0,0,30,13,36,28,3,4,18,16,6,83,34,2,40,22,9,64,0,35,38,12,0,27,0,1,21,16,19,15,12,17,7,2,8,13,13,8,6,18,50,23,4,4,0,43,45,9,0,6,5,1,33,0
2015-12,0,0,1,0,0,0,1,0,0,0,0,0,2,0,0,10,0,1,0,0,0,0,0,0,0,0,0,1,0,0,0,0,0,0,0,2,0,0,0,0,0,3,0,0,0,0,0,0,0,0,0,0,29,24,16,12,4,3,8,12,7,32,27,2,57,3,7,90,0,14,24,11,1,10,3,3,10,13,10,17,9,19,2,5,7,15,9,8,9,7,37,11,3,28,0,20,39,10,0,5,7,3,7,2
2016-01,0,0,0,0,0,0,0,0,0,0,0,0,0,0,0,9,0,0,0,0,0,0,0,0,0,0,0,0,0,0,0,0,0,0,0,0,0,0,0,0,0,2,0,0,0,0,0,0,0,0,0,0,31,29,48,41,5,12,17,7,8,38,28,13,51,10,9,108,2,22,41,8,6,8,7,5,11,6,10,10,13,22,2,3,12,12,7,9,10,6,33,2,6,24,0,18,55,16,1,7,6,1,1,3
2016-02,0,0,0,0,0,0,0,0,0,0,0,1,0,0,0,0,0,0,1,0,0,0,0,0,0,0,0,0,1,0,0,0,0,0,0,0,0,0,0,0,0,0,0,0,0,0,0,0,0,0,0,0,18,27,25,35,10,7,30,20,14,34,17,16,56,24,6,75,0,20,28,20,0,10,1,3,3,11,32,13,8,17,0,1,19,9,6,7,22,11,34,27,3,22,0,18,26,9,3,5,7,1,2,4
2016-03,1,1,0,2,0,1,0,0,0,0,0,0,0,0,0,0,0,1,0,0,0,0,0,0,0,0,0,0,0,0,0,0,0,0,0,0,0,0,0,0,0,0,0,0,0,0,0,0,0,0,0,1,24,13,21,37,5,12,3,17,2,34,31,11,69,13,4,52,0,22,33,30,0,6,6,1,3,10,36,14,31,9,7,1,7,10,4,15,16,21,34,10,6,10,0,18,27,10,4,15,6,4,1,2
2016-04,0,0,0,0,0,0,0,0,0,0,0,0,0,0,0,0,0,0,0,0,0,0,0,0,0,0,0,0,0,0,0,0,0,0,0,0,0,0,0,0,0,0,0,0,0,0,0,0,0,0,0,3,15,17,16,51,1,12,10,11,14,22,29,11,46,9,5,29,1,17,61,14,0,7,6,4,5,6,21,35,15,15,13,4,11,12,5,13,11,16,46,9,5,14,0,29,32,9,0,24,2,0,0,5
2016-05,0,0,0,0,0,0,0,0,1,0,1,0,0,0,0,0,0,0,0,0,0,0,0,0,0,0,0,0,0,0,0,0,0,0,0,0,0,0,0,0,0,0,0,0,0,0,0,0,0,0,0,0,32,29,32,52,25,12,11,13,10,9,24,6,73,12,12,45,2,10,41,10,3,5,4,0,2,13,31,32,18,11,8,9,6,7,10,19,10,15,27,11,5,13,0,19,29,8,1,8,7,0,0,1
2016-06,0,0,0,0,0,0,0,0,1,0,0,0,3,0,0,0,0,0,1,0,0,0,0,0,0,0,0,0,0,0,0,0,0,0,0,0,0,0,0,0,0,0,0,0,0,0,0,0,0,0,0,0,34,33,20,56,16,4,5,19,14,36,14,3,57,6,16,41,0,22,20,14,0,2,4,1,13,6,22,28,11,15,10,1,11,11,8,16,6,9,29,8,6,8,0,20,46,6,3,6,10,1,3,1
2016-07,0,0,0,1,0,0,0,0,0,1,0,0,0,0,0,0,0,0,0,0,0,0,0,0,0,0,2,0,0,0,0,0,0,0,0,0,0,0,0,0,0,0,0,0,0,0,0,0,0,0,0,0,29,41,27,25,5,8,17,10,17,30,13,13,63,18,6,38,1,21,20,16,0,9,6,2,8,4,52,28,11,19,5,1,11,5,12,31,10,12,38,3,4,7,0,12,46,8,1,4,3,1,0,3
2016-08,0,0,0,0,0,0,0,0,0,0,0,0,1,0,0,0,0,0,0,0,1,0,0,0,0,0,0,0,0,0,0,0,0,0,0,1,0,0,0,0,1,0,0,0,0,0,0,0,0,0,0,1,19,33,22,41,12,8,9,16,54,37,23,10,66,6,15,28,2,8,37,25,2,15,0,2,5,3,31,34,15,26,3,2,2,10,15,21,9,10,23,8,7,3,0,10,22,7,0,4,2,1,6,0
2016-09,0,1,0,0,0,1,0,0,0,0,0,0,0,0,0,13,0,0,0,0,0,0,0,0,0,0,0,0,0,0,0,0,0,0,0,0,0,0,0,0,0,3,0,0,0,0,0,0,0,0,0,0,15,20,50,27,5,9,12,5,30,34,17,25,76,5,9,69,0,17,69,28,0,5,2,0,5,9,29,27,18,27,3,5,7,8,9,18,10,8,45,11,5,10,0,10,43,3,2,8,4,0,2,0
2016-10,0,0,0,0,0,0,0,0,0,0,0,0,0,0,0,1,0,0,0,0,0,0,0,0,0,0,0,0,0,0,0,0,0,0,0,0,0,0,15,0,0,1,0,0,0,0,0,0,0,0,0,0,8,28,32,31,10,5,10,26,7,35,14,23,67,3,16,76,0,13,29,24,6,6,4,8,0,2,22,15,11,19,1,4,9,17,12,26,10,8,56,15,16,4,0,25,23,4,0,13,0,0,0,0
2016-11,1,0,1,0,0,0,0,0,0,0,0,0,0,0,0,28,0,0,0,0,0,0,0,0,0,0,0,0,0,0,0,0,0,0,0,0,0,0,0,0,0,1,0,0,0,0,0,0,0,0,0,0,14,31,20,42,6,2,15,12,21,7,9,8,56,15,16,108,0,28,27,14,2,14,5,1,19,5,24,26,17,10,1,1,1,12,6,8,8,6,45,11,6,34,0,9,27,12,0,11,7,0,2,1
2016-12,0,0,0,2,0,0,0,2,0,0,0,0,0,0,0,0,0,0,0,0,0,0,0,0,0,0,0,0,0,0,0,0,0,0,0,1,0,0,3,0,1,0,0,0,0,0,0,0,0,0,0,0,8,19,23,35,5,17,4,9,13,31,13,10,64,11,14,64,0,22,30,15,1,30,18,9,1,3,20,18,23,21,5,3,8,6,12,18,13,6,36,26,3,40,0,9,33,16,0,4,7,4,0,0
2017-01,0,0,0,0,0,0,0,0,2,1,0,1,0,0,0,19,0,0,1,0,0,0,0,0,0,0,0,1,0,0,0,27,0,0,0,0,0,0,5,0,1,3,0,0,0,0,0,0,0,0,0,0,24,25,10,24,5,11,7,6,34,30,24,9,67,9,11,216,0,19,56,8,0,15,14,3,7,3,22,12,15,16,4,12,2,12,10,18,12,10,26,10,5,38,0,20,46,23,0,6,5,1,2,5
2017-02,0,0,1,4,0,0,0,0,0,0,0,0,0,0,0,16,0,0,0,0,0,0,0,0,0,1,0,0,0,0,0,0,0,0,0,2,0,0,4,0,1,1,0,0,0,0,0,0,0,0,0,0,19,80,16,24,9,15,7,7,19,35,21,17,55,13,12,76,1,16,40,8,1,5,1,2,15,1,17,74,4,11,3,8,4,3,25,17,3,5,19,9,18,31,0,9,27,12,2,10,3,1,2,4
2017-03,0,0,0,0,0,0,0,0,0,1,0,0,0,0,0,1,0,1,0,0,0,0,0,0,0,0,1,0,0,0,0,1,0,0,0,2,0,0,0,0,6,0,0,0,0,0,0,0,0,0,0,2,23,42,31,19,3,17,9,9,14,39,142,62,62,18,9,64,0,23,30,8,2,5,1,6,6,5,44,31,13,15,3,4,8,8,5,19,8,35,28,6,15,16,0,27,29,12,2,1,2,0,3,0
2017-04,0,0,0,0,0,0,0,0,0,0,0,0,0,0,0,7,0,5,0,0,0,0,0,0,0,0,0,0,0,0,0,2,0,0,0,0,0,0,0,0,2,0,0,0,1,0,0,0,0,0,0,0,14,16,15,36,10,26,7,10,18,30,11,11,52,7,12,62,0,16,25,4,1,4,3,2,5,6,25,21,12,30,2,9,6,8,17,27,6,19,57,21,11,18,0,46,25,11,0,3,9,3,1,3
2017-05,0,0,0,0,0,0,0,0,0,0,0,1,0,1,0,1,0,0,1,0,0,0,0,0,0,0,0,0,0,1,0,1,0,0,0,0,0,0,0,0,11,0,0,0,0,3,0,0,0,0,0,1,16,19,20,39,19,15,12,9,14,47,12,4,53,18,13,29,0,20,52,18,3,7,1,3,6,5,41,37,3,17,9,5,10,9,11,19,6,19,44,8,13,14,0,14,25,47,0,3,2,1,1,2
2017-06,0,0,0,0,0,0,0,0,0,0,0,0,0,0,0,1,0,0,0,0,0,0,0,0,0,0,0,0,0,0,0,0,0,0,0,0,0,0,0,0,2,1,0,0,0,0,0,0,0,0,0,0,23,17,30,56,4,4,10,19,7,27,8,5,46,13,10,54,1,22,50,18,3,3,1,1,3,5,25,20,11,21,3,4,9,9,6,11,28,6,49,13,8,8,0,21,22,31,0,7,7,0,2,1
2017-07,2,1,0,0,0,0,0,0,0,0,0,0,0,1,0,0,0,0,0,0,0,0,0,0,0,0,2,1,0,0,0,0,0,0,0,1,0,0,1,0,2,0,0,0,0,0,0,0,0,0,0,7,24,27,28,42,8,14,15,7,7,20,10,8,57,25,13,150,0,25,62,16,0,6,21,1,5,1,25,17,16,18,3,6,5,18,4,10,9,9,52,6,5,13,0,16,17,14,0,2,2,5,2,47
2017-08,0,0,0,0,0,0,0,0,0,0,0,0,1,0,0,0,0,0,0,0,0,0,0,0,0,0,0,0,0,0,0,0,0,0,0,0,1,0,0,0,0,0,0,0,0,0,0,0,0,0,0,4,14,9,13,35,11,17,12,13,8,31,3,3,86,13,4,106,1,23,20,4,13,5,14,2,3,3,26,15,3,20,8,7,3,2,10,22,12,17,29,13,5,17,0,14,23,10,2,1,1,0,4,13
2017-09,0,0,0,0,2,0,0,0,0,0,0,1,0,0,0,0,0,0,0,0,0,0,0,0,0,0,0,0,0,0,0,0,0,1,0,1,0,0,0,0,0,0,0,0,0,0,0,0,0,0,0,3,26,10,16,16,2,23,5,2,9,12,9,1,65,3,3,33,1,27,36,11,1,11,2,1,3,0,50,13,10,17,3,3,4,4,3,11,2,29,38,13,5,9,0,7,24,16,0,3,2,0,2,1
2017-10,0,0,0,1,1,0,0,2,0,0,0,1,3,0,0,2,0,0,2,4,0,0,0,0,0,0,0,0,0,0,0,0,0,1,0,0,1,0,0,0,0,0,0,1,0,1,0,0,0,0,0,0,16,11,12,20,7,12,10,17,1,28,6,9,70,5,7,31,0,13,50,32,3,11,14,0,4,1,22,20,3,10,4,1,15,11,8,19,5,16,30,11,9,8,0,24,24,14,1,4,1,0,2,5
2017-11,0,0,0,0,0,0,0,2,0,0,0,0,0,0,0,0,0,0,4,1,0,0,0,0,0,0,0,2,0,0,0,0,0,0,0,0,0,0,0,0,0,0,0,0,0,0,0,0,0,0,0,0,20,22,12,41,4,36,8,18,11,55,11,8,68,14,11,38,0,9,33,27,0,10,12,0,9,4,19,7,7,18,16,0,10,11,12,15,9,35,19,8,7,5,0,23,32,21,7,4,6,2,9,5
2017-12,0,3,0,0,0,0,0,0,0,2,0,0,4,0,0,0,0,0,0,1,0,0,0,0,0,0,0,0,0,0,0,0,0,0,0,0,0,0,0,0,0,0,0,0,0,0,0,0,0,0,0,3,17,13,15,39,7,23,6,12,14,28,13,5,80,5,23,39,0,11,50,20,0,4,9,1,2,0,21,7,5,17,13,8,6,6,10,23,12,18,43,1,3,7,0,10,57,11,23,3,8,0,1,4
2018-01,0,1,1,0,0,0,0,1,0,0,0,0,15,0,0,0,0,0,6,9,0,0,0,0,0,0,0,0,0,0,0,0,0,0,0,0,0,0,0,0,0,0,0,0,0,3,0,0,0,0,0,3,16,24,18,29,5,52,6,6,16,22,3,7,83,1,22,70,0,14,23,9,0,16,0,3,3,4,19,6,11,11,8,4,4,1,8,18,8,10,39,1,6,8,0,12,46,9,14,3,5,0,4,17
2018-02,0,0,0,0,0,0,0,0,0,0,0,0,0,0,0,0,0,1,4,5,0,0,0,0,0,0,1,0,0,0,0,0,0,0,0,0,0,0,0,0,0,0,0,0,0,2,0,0,0,0,0,0,20,25,13,36,6,8,7,4,46,30,21,9,45,5,21,36,0,10,42,22,0,7,5,7,2,3,19,15,17,23,12,4,10,6,9,17,4,15,44,5,12,14,0,9,46,5,3,4,7,2,0,8
2018-03,0,0,0,0,0,0,0,0,0,0,0,0,0,0,0,0,0,0,5,1,0,0,0,0,0,0,0,1,0,0,0,0,0,0,0,0,0,0,0,0,0,0,0,0,0,7,0,0,0,0,0,0,18,23,37,38,4,6,18,14,11,35,21,6,58,8,13,68,0,20,41,24,0,10,11,7,4,6,38,24,10,14,12,3,12,4,11,34,12,19,55,9,11,12,0,11,18,18,5,1,9,0,3,4
2018-04,0,0,0,0,3,0,0,0,0,2,0,0,0,1,0,0,0,1,3,0,0,0,0,0,0,0,3,3,0,0,0,0,0,0,0,0,0,0,0,0,0,0,0,0,0,1,0,0,0,0,0,0,11,15,22,45,33,25,26,12,25,39,2,8,92,9,12,83,0,23,37,16,3,9,13,0,2,9,17,30,16,10,17,10,9,17,10,24,9,19,55,7,2,37,0,7,15,11,3,6,7,5,0,16
2018-05,0,0,0,0,24,0,0,0,0,0,0,0,0,0,0,0,0,1,1,0,0,0,0,0,0,0,0,9,0,0,0,0,0,0,0,0,0,0,0,0,0,0,0,0,0,0,0,0,0,0,0,0,23,18,17,46,36,25,21,7,5,35,15,5,93,6,13,34,0,14,29,15,4,31,0,3,1,4,13,23,12,7,7,7,15,7,4,10,4,20,33,3,11,6,0,13,34,24,0,9,6,2,4,9
2018-06,0,5,0,0,4,0,0,0,0,0,0,0,13,0,0,0,0,0,0,1,0,0,0,0,0,0,0,6,0,0,0,0,0,0,0,2,0,0,0,0,0,0,0,0,0,2,0,0,0,0,0,0,7,23,13,51,11,23,24,7,4,28,13,2,80,4,9,53,0,21,24,36,0,10,7,1,11,10,11,29,6,19,6,23,5,2,7,20,5,7,25,16,7,4,0,22,5,33,13,6,6,0,5,8
2018-07,0,2,0,0,3,0,0,0,0,2,0,0,15,0,0,0,0,0,1,4,0,0,0,0,0,0,0,2,0,0,0,0,0,0,0,0,0,0,0,0,0,0,0,0,0,2,0,0,0,0,0,0,15,22,12,22,14,19,17,17,24,52,7,4,49,3,7,46,0,19,25,29,1,1,6,2,9,13,15,21,6,61,13,11,7,2,10,12,2,10,28,9,2,11,0,12,16,45,11,26,13,0,2,3
2018-08,0,3,0,0,1,0,0,0,0,7,0,0,10,0,0,0,0,0,0,0,0,0,0,0,0,0,0,0,0,0,0,0,0,0,0,1,0,0,0,0,0,0,0,0,0,6,0,0,0,0,0,0,12,15,16,21,12,51,6,17,10,10,8,5,82,6,6,42,0,13,35,14,2,26,2,3,17,3,19,10,5,12,8,17,3,2,9,158,3,30,15,8,1,8,0,24,21,27,4,10,13,1,3,1
2018-09,1,0,0,0,3,0,0,0,0,0,0,0,4,0,0,0,0,0,3,2,0,0,0,0,0,0,1,2,0,0,0,0,0,0,0,0,0,0,1,0,0,0,0,0,0,2,0,0,0,0,0,0,6,29,15,25,33,8,15,3,12,27,13,4,60,16,1,90,0,9,50,16,0,18,6,1,1,0,10,18,30,16,0,2,11,5,11,12,6,17,26,3,1,3,0,24,23,16,7,3,13,4,1,0
2018-10,0,0,0,0,0,0,0,0,0,37,0,0,4,0,0,0,0,0,3,1,0,0,0,0,0,0,0,0,0,0,0,1,0,0,0,1,0,0,0,0,0,0,0,0,0,4,0,0,0,0,0,0,13,26,26,29,15,20,13,4,6,33,7,3,82,6,15,56,0,13,30,17,0,21,7,1,4,7,15,26,14,21,7,0,15,16,4,243,6,5,30,1,2,8,0,9,18,18,8,1,13,1,1,2
2018-11,0,1,3,0,0,0,0,1,0,1,0,0,0,0,0,0,0,0,1,0,0,0,0,0,0,0,0,0,0,0,0,0,0,0,0,0,0,0,0,0,0,0,0,0,0,0,0,0,0,0,0,0,26,11,31,45,7,11,14,16,14,31,18,12,61,4,18,57,0,13,25,13,1,9,6,0,4,4,18,13,31,18,9,3,14,5,7,19,3,12,33,7,8,2,0,8,34,13,4,3,7,2,0,1
2018-12,0,1,0,0,0,0,0,0,0,36,0,2,14,0,0,0,0,6,1,0,0,0,12,0,0,0,0,0,0,0,0,0,0,0,0,1,0,0,0,0,0,0,0,0,0,0,0,0,0,0,0,0,17,49,21,47,32,33,5,7,10,32,19,3,50,3,9,69,0,19,18,13,8,9,16,3,2,8,11,31,6,22,4,4,13,5,13,221,10,15,37,5,2,12,0,11,12,21,15,0,11,0,1,2
2019-01,0,0,2,1,1,0,1,0,0,0,0,1,16,0,0,0,0,0,3,0,0,0,9,0,0,0,0,0,0,0,0,0,1,0,0,2,0,0,0,0,0,0,0,0,0,2,0,0,0,0,0,0,11,15,8,58,10,11,13,13,11,69,14,4,54,10,19,123,0,24,34,12,2,12,49,0,4,6,8,11,4,14,8,1,14,7,7,29,8,35,22,12,4,19,0,6,26,22,10,5,8,0,3,9
2019-02,0,0,5,2,0,0,0,1,0,37,0,1,0,0,0,0,0,1,3,1,0,0,20,0,0,0,0,0,0,0,0,0,0,0,0,2,0,0,0,0,0,0,0,1,0,0,0,0,0,0,0,0,9,31,28,12,13,15,14,9,12,25,21,5,60,3,13,64,0,40,43,39,1,4,60,5,0,0,14,22,23,9,2,2,17,5,5,231,12,18,28,10,6,13,0,15,50,22,8,15,15,1,0,2
2019-03,2,0,4,0,3,0,0,0,0,0,0,1,0,0,0,0,0,0,0,0,0,0,13,0,0,0,0,0,0,0,0,0,1,1,0,0,0,0,0,0,0,0,0,0,0,2,0,0,0,0,0,0,17,35,23,23,23,30,21,30,1,23,36,19,53,0,25,56,0,20,42,17,2,7,36,2,6,0,24,11,13,14,8,0,21,3,10,20,2,11,13,5,13,16,0,14,20,9,3,2,32,1,0,1
2019-04,0,0,1,0,0,0,0,0,0,0,0,0,1,1,0,0,0,0,1,1,0,0,2,0,0,0,5,0,0,0,0,0,0,0,0,1,0,0,0,0,0,0,0,0,0,1,0,0,0,0,0,0,33,26,32,36,33,24,20,7,1,25,28,21,46,5,17,103,0,9,30,27,1,7,15,8,13,2,14,16,11,8,23,0,8,6,82,17,3,20,34,11,12,7,0,26,22,15,8,7,22,2,5,0
2019-05,0,0,1,0,1,2,3,0,0,0,0,0,0,1,0,0,0,0,3,0,1,5,0,0,0,0,0,0,0,0,0,0,0,0,0,0,0,0,0,0,0,0,0,0,0,0,0,0,0,0,0,0,31,25,24,36,18,37,21,6,6,16,14,20,60,10,5,87,0,4,32,40,0,10,5,2,5,2,5,14,10,10,8,1,14,7,44,7,8,10,24,16,7,9,0,15,17,6,1,3,11,1,0,7
2019-06,1,0,1,0,0,0,0,1,0,0,0,6,1,0,0,0,0,0,1,0,3,0,0,0,0,0,1,0,0,0,0,0,0,1,0,0,0,0,0,0,0,0,0,1,0,0,0,0,0,0,0,0,6,33,19,22,9,29,16,3,6,26,33,24,36,3,14,77,2,7,33,30,0,2,2,2,13,0,14,13,20,12,8,2,8,1,6,25,8,7,25,7,4,10,0,18,13,12,3,7,10,0,2,2
2019-07,0,0,1,0,0,0,0,0,0,0,0,0,4,0,0,0,0,0,0,3,0,3,0,0,0,0,0,2,0,0,0,0,0,3,0,0,0,0,0,0,0,0,0,0,0,0,0,0,0,0,0,0,17,8,9,29,19,15,17,7,23,32,17,10,55,5,0,119,0,21,35,23,0,3,5,3,4,14,11,21,3,10,6,0,13,0,10,13,7,10,28,7,2,7,0,3,26,8,1,18,31,0,3,5
2019-08,0,0,2,4,0,0,0,0,0,0,0,0,6,0,0,0,0,0,3,1,0,0,0,0,0,0,0,0,0,8,0,0,0,0,0,0,0,0,0,0,0,0,0,0,0,1,0,0,0,0,0,0,28,26,7,24,47,13,40,2,58,34,17,17,50,2,1,83,0,9,61,11,2,1,0,2,0,0,6,25,4,11,5,1,2,5,33,23,14,18,22,9,3,22,0,7,57,6,2,27,33,3,1,1
2019-09,1,0,0,0,1,0,3,3,0,2,0,0,6,0,0,0,0,0,1,5,0,0,0,0,0,0,1,0,0,1,0,0,0,0,0,0,0,0,0,0,0,0,0,0,0,0,0,0,0,0,0,0,17,21,44,15,32,23,13,7,4,39,9,3,62,14,7,86,0,7,27,9,1,8,10,0,2,4,16,9,8,10,2,3,8,5,9,25,6,5,20,15,2,11,0,7,40,10,8,7,9,0,0,4
2019-10,0,0,0,3,1,0,1,1,0,0,0,2,2,1,0,0,0,0,0,0,1,0,0,0,0,0,0,1,0,6,0,0,0,0,0,0,0,0,0,0,0,0,0,0,0,0,0,0,0,0,0,0,14,7,19,23,8,5,16,20,5,25,26,8,49,10,8,72,0,2,25,18,2,9,2,1,0,0,3,4,5,9,8,1,5,14,1,18,5,13,15,15,12,11,1,13,27,16,2,15,21,2,1,0
